id,cor_sentence
grm2208190041598,"구름, 연하 같은 것도 계절감 시에 포함되는 건가요?"
grm2209060059247,"혹시 한국사 강좌는 언제, 언제 올라오나요?"
grm2206210023461,스스로 이게 무슨 표현인지 맞춰 보는 공부와 관련 문제를 풀어본다.
grm2207250013549,스스로 채찍질 좀 하고 보충도 하고 열심히 할게요!
grm2208080075948,"하셨는데, 그게 무슨 말인지 잘 모르겠어요."
grm2208230067597,받았는데 정지한 것만 포함하는 건가요?
grm2206230018055,칼럼이 너무 좋고 고생하셨는데 댓글이 없네요.
grm2207010022888,규칙적인 생활이 많이 도움 되는 것 같아요!
grm2206300000480,가속도 계산할 때는 서로 수직 힘의 방향이 반대라고 푸셔야 될걸요.
grm2208090078900,"제가 현장에서 풀긴 풀었는데, 시간이 조금 걸렸거든요."
grm2209080079523,제 풀이가 맞는지 봐주시면 감사하겠습니다.
grm2208040068081,"에너지를 가지고 있으면 일을 할 능력이 된다는 건데, 그 능력으로 일을 하면 오히려 그 능력인 에너지를 얻는다."
grm2206170080291,사회 불평등도 결국 사회 문제 아닌가요?
grm2208080049934,세부 정보를 먼저 붙이고 미시와 거시가 그제서야 나왔는데요.
grm2207250023748,의대는 공부할 시간도 턱없이 부족하다고 들었는데 연습은 주에 몇 시간씩 모여서 하시나요?
grm2207120000090,연애 안 하는 사람들은 그냥 못하는 거 아닌가요?
grm2206230036396,학생들이 댓글 삭제를 해두어도 관리자님 기록에는 다 남아요.
grm2209270113194,비물질적인 것이 아니라 물질적인 것으로 보신 건가요?
grm2207080020822,고민하는 시간이 가장 중요한 건 같아요!
grm2209150099229,그거 익명 보장해 준다 그러니까 검사 확 늘지 않았음?
grm2209260104893,너 그러면 이것도 풀어봐.
grm2209020086438,표준어 설명을 바로 뒤에 하시네요.
grm2209130107470,고등학교로 실습 갈 텐데 몇 학년 때 어떤 조건을 충족시켜야 하는지 아실까요?
grm2207200021542,교수님은 아시겠지만 그냥 일반 학생들은 모릅니다.
grm2210050114410,근데 그냥 푸는 게 아니고 몰랐던 거 오래 걸렸던 거 체크해놓고 빨리 푸는 연습했습니다.
grm2206160060515,"만약 경상도, 미국 이렇게 구별하는 것도 지역이라고 하나요?"
grm2207280021418,반드시 좋은 결과가 있을 거예요.
grm2209150107627,학벌의 필요성을 강조했다.
grm2208290069721,"이럴 때는 저도 식으로 푸는 연습을 해야 될까요, 아니면 그냥 제가 편한 그래프를 그려서 푸는 게 더 나을까요?"
grm2208110057315,어떻게 중국 물건을 가지고 있었나요?
grm2209050042963,상태는 변한 게 없지만 정신적으로만 극복한 거라고 봐도 될까요?
grm2208160058109,왜 무역에 좋은 위치인지 모르겠네요.
grm2208300079990,"근의 공식을 사용하면 답이 이상하게 나오는데, 어떻게 구해야 하나요?"
grm2208100068882,그냥 무시해도 되는 조건인가요?
grm2209020053959,지문의 마지막 문단과 같이 복잡한 순서나 과정이 나왔을 때 처리하는 순서가 궁금합니다.
grm2210120115384,강의 추천해 주실 수 있나요?
grm2207040038908,교대 면접 대비 학원 다니셨는지 궁금합니다!
grm2208250041853,변제는 채권을 소멸하는 건데 채권 자체가 없으니 맞는 말이네.
grm2208300043892,딴 상황에서도 무조건 뒤에 있는 게 탈락하나요?
grm2208050061811,그러면 고구려 전성기 시절이 맞지 않나요?
grm2207010024647,학원에 다니지 않고 독학으로 수학을 인강과 병행하는 중이에요.
grm2207280036790,고통스러운 지금 순간만 견디면 분명 성공이 기다리고 있을 거예요.
grm2210200113024,저 뭐 좀 먹고 와서 써볼게요.
grm2210060115073,표준점수는 두 번째인 거 같고 지구과학이 제일 무난해서인 듯합니다!
grm2208010068650,그림을 좀 제대로 주셔야지.
grm2209200103181,영상을 물리치료하면서 지금 봤어요.
grm2208290057117,하는데 그렇다면 북위 이후에 나라에도 계속 계승이 되고 있었던 것인가요?
grm2208080054113,문제는 따로 모의고사 이전에 모두 풀어보려고 했을 것입니다.
grm2210170117077,그거 입력 안 되면 해당되는 계획 수정하기 눌렀다가 완료 누름 입력됨.
grm2209260098673,진짜 미리 교수님들 인성 알고 들어가고 싶다.
grm2206140058753,하셨는데 예시처럼 자율적으로 원하는 사람에게만 관직을 주고 돈을 받은 건가요?
grm2209140114820,두 강의는 같은 성격의 강좌라 둘 중 하나만 들으시면 될 것 같아요.
grm2208100073644,여기에 혹시 오류가 있는지 봐주세요!
grm2209200099489,발포자가 자기 질문 방어용 발표를 했다는 거지.
grm2208010067696,만약에 속도 시간 그래프에서 속도가 속력으로 바뀌었을 때도 기울기를 가속도라고 하나요?
grm2210050117705,사과문을 원하시는 선배님도 계시는 것 같아서 올리게 되었습니다.
grm2208040067352,자기장을 형성하는 것 아닌가요?
grm2207200014286,정시 준비생이어서 그만큼 부담이 컸나 봐요.
grm2207080027126,나중에 이 방법 칼럼도 다뤄주실 수 있을까요?
grm2210170105604,그에 대한 언급이 초반에 나와줘야 할 것 같아.
grm2206170051693,아미라는 단어의 의미가 뭔지 궁금합니다.
grm2207120015397,지옥을 잘못 말씀하신 거 아닙니까?
grm2208310080371,아까 교재 관련 문의한 학생입니다!
grm2210190116336,지나가다 보여서 댓글 달아요.
grm2207260000533,그때 그냥 귀찮아서 참았다가 이제 참교육해 준 거임.
grm2206240032782,올해 수능에서 꼭 좋은 결과 거두시기를 기원합니다!
grm2208230042158,이해하는 사람은 아무도 없었다.
grm2209260104431,전 요즘 중학생이라면 다 쓰는 줄 알았겠지.
grm2208160088482,그렇다면 또 그런 사례가 있나요?
grm2206230003931,냉정하면서 긍정적으로 틀려도 웃어요.
grm2208030051535,철쭉꽃이 타는 이미지만으로 색채를 통해 설움을 느낀다고 하는 이유가 궁금합니다.
grm2210070112496,현역 정시랑 수시 둘 다 하고 있어요.
grm2208290080854,하셨는데 아예 가설이 없는 양적 연구도 가능한지 궁금합니다.
grm2208120060138,강의에서 공물이 아니라고 하셨는데 그럼 혹시 공물이란 키워드를 빼면 매년 막대한 양의 은과 비단을 받았다고...
grm2210200111956,저러면 열심히 푼 마스터님도 시간 낭비인 상황이 나오니까요.
grm2208040076454,또 양수의 경우에는 왜 부등호 방향이 바뀌지 않음을 확신할 수 있나요?
grm2206160070016,오른쪽 줄은 왼쪽 줄을 당기면 밑으로 이동하지 않나요?
grm2210040107411,수능 때 성공하셔서 진학하시길 응원하겠습니다.
grm2209220111390,저는 밥을 먹으면서 공부를 했어서 그렇습니다.
grm2208090078860,첨부 파일 올라온 것만 있으면 교재 안 사도 되죠?
grm2208170059490,그리고 베트남 원정의 결과는 어떠했나요?
grm2208230052264,이 문제의 출제 의도는 뭔가요?
grm2206300019362,"수학, 원래 이렇게 별거 없고 재밌는 거였나요?"
grm2206170077981,서로 연관이 있는 것은 아니고요?
grm2208230052705,제가 생각한 것이 맞나 궁금해서 여쭤봅니다.
grm2208010064876,구매하려고 했는데 교재 정보가 없다고 해서 궁금해서 글 남겨요.
grm2207190017563,저도 다운로드하고 바로 푼 거라 죄송합니다.
grm2208100063138,처음에 공인이라 하셨다가 수용으로 정정하셨는데 둘이 다른가요?
grm2209060075227,이렇게 풀어도 논리적으로 문제가 없을까요?
grm2209160105209,동네 주민끼리 이러기 있냐?
grm2208170060619,내신 대비로 들으려 하는데 뭐 들으면 되나요?
grm2208160092669,혹시 받을 수 있나요?
grm2208080042020,아직도 이해가 가지 않는 부분이 있어서 재질문 드립니다.
grm2208160092766,도움을 요청하는 주제의 글에서 도움을 받아들인다는 내용이 조금 어색하게 느껴져서요.
grm2207050000446,"지수, 로그 함수 대비 비교 문제 어렵다."
grm2210130105829,너 전화 영어 해볼 생각 없어?
grm2210040108721,중간고사 내일 끝나는데 유종의 미 거두겠습니다!
grm2208170085243,늦은 시간에 감사합니다.
grm2207220036809,제가 시험이 끝나 번아웃이 온 것 같아요.
grm2206280010436,시간이 오래 걸릴 문제는 무조건 나중에 풀어 주셔야 합니다.
grm2206230018230,오답노트가 더 빛을 발할 수도 있을 것 같아요!
grm2209230115209,선생님 제 플래너 보시면 꽤 실망하실 듯한데요.
grm2209090091180,남은 기간 무엇을 해야 할까요?
grm2210140114423,나 이만큼 했다 보여주기 같고 치이며 살기 참 그지 같아서 또 걱정할 날 올 것 같아서 접은 거예요.
grm2208040059781,내가 갈 길을 아직 분명하게 내다볼 수는 없으나 머지않아 찾아낼 수 있기를 바랄 뿐이다.
grm2210120117168,스트레스 잘 극복하신 거 같아 보여서 좋아요!
grm2210110100878,돈은 어딜 가두 빠지질 않아.
grm2207130028643,제 고등학교 동아리 선배랍니다!
grm2209190101563,왜 그러냐면 문화적 특성상으로 정치적인 이슈나 그런 걸 넣으면 정부에 걸려서 그게 조금 완화된 지 얼마 안 됐거든.
grm2209210114718,개인적으로 철학 지문보단 이런 게 읽는 재미가 있는 것 같음.
grm2207110023963,궁금한 점이 있는데 앉아 있을 때는 얼마나 앉아 있었나요?
grm2209190107906,사진 올리실 때는 보정하지 마시고 조금 흐리더라도 그대로 올리세요.
grm2206160081190,"이런 부분에서 어떻게 생각하고, 공부해야 전 저런 일을 겪지 않을 수 있을까요."
grm2207120032897,당연히 우리 학생분도 매우 아낍니다!
grm2207210009793,알앤비를 좋아하는데 감성이나 무드 있게 잔잔하면서 좋더라고요.
grm2209160099593,사실 거기가 무슨 말인지 모르겠어. 오.
grm2209050065213,음의 일을 하게 되면 일을 하는 주체의 에너지가 증가하는 건가요?
grm2208100078284,첨부한 사진의 제 풀이처럼 접근하면 오류가 생길 수 있나요.
grm2206200012441,"그치만 성실하게 해온 만큼, 생기부에서는 분명히 드러날 거예요."
grm2209090077699,생각했는데 어떻게 오로지 저거만 가능하다고...
grm2209280109562,나중에 고치면 되니 너무 염려할 필요는 없어요.
grm2206300001215,시간 체크는 미리 해놓은 거예요.
grm2208180070657,자기장의 방향이 오른쪽을 향하잖아요.
grm2209130113626,그냥 개념 부분도 생소하면 다시 공부해서 완벽히 이해하려 하고 문제도 스스로 쭉쭉 풀릴 때까지 풀었어요!
grm2207290019045,합격해도 납치 안 당하고 정시를 쓸 수 있나요?
grm2207110025937,질문이 꽤 있고 길게 써보고 싶다.
grm2206200038867,"삭막한 재수학원 시절의 한 줄기 빛이었던 마스터님, 정말 멋있습니다."
grm2207270020658,문학 익힘책은 그냥 알아서 푸는 건가요?
grm2208080083068,그리고 강은 언제부터 나오나요?
grm2209290106109,프로젝트 그렇게 열심히 못 했는데 그리고 그만한 능력이 안 된다.
grm2208100059504,수단은 영국과 이집트에 저항했다고...
grm2210110112213,"수시, 정시 병행 중인데 개학 후 시간 관리가 고민입니다."
grm2206270001852,요새 낮잠을 자주 자서 어떻게 해야 할지 고민 됐는데 도움 됐어요!
grm2207180032347,저는 재수험장에 학교 친구들이 너무 많아서 ...
grm2206290019578,바쁘실 텐데 몸 관리 잘 하시고 파이팅!!
grm2209280099227,전 차라리 그게 더 난 거 같아서 괜찮아요.
grm2209130105605,내 앞에 앉아 있던 여자가 제출한 핸드폰 진동 울려서 퇴실 당했어.
grm2208020093134,그리고 자문문이 선별되어 있는데 선별 기준은 무엇인가요?
grm2208100064797,"보기는 조선 후기에 대한 것인데 만약 선지에 조선 전기, 조선 후기 이렇게 시기가 나눠서 구성될 수도 있나요."
grm2209230109699,밴드에서 서로 응원해 주는 거 기억나네요.
grm2207270024487,아마 모르는 단어가 많아서 그럴 경우도 있어요.
grm2210140115281,월간지랑 사설 모의고사 중에서 고민해 봐야겠네요.
grm2207180036473,저는 선지를 먼저 읽진 않았어요.
grm2207270024418,저는 닮음으로 포물선의 접점 좌표 잡았다.
grm2209060088150,여기서 공식 조직인 친목 집단의 예로는 무엇이 있나요.
grm2210200105508,다른 회사들 막 컴퓨터 못 쓰게 하던데요.
grm2207070032383,아무 생각 없이 이건 당연히 발해지 하고 풀고 넘어갔는데.
grm2207210025494,제일 약한 영역으로 하셔도 되고요.
grm2209140101127,필리핀 세관 검사하는 사람들 괜히 트집 잡는다는 말 많이 들었는데 아침 일찍 검사해서 피곤했나 다 통과됨.
grm2208160060126,그리거나라 시대에는 수도가 어디인지도 알고 싶어요.
grm2209020077601,진동하는 경우에 연속인 경우가 구체적으로 어떤 예시가 있나요?
grm2209010057820,"있다면 중기 철기는 어느 시대고, 후기 철기는 어느 시대에요?"
grm2210040105871,한국인들이 좋아하는 운동 방식에 대해 이야기합니다.
grm2208190075096,놓고 푸는 건지 잘 이해가 되지 않습니다.
grm2208180043219,윤리적 덕목을 내세운 건 맞지만요.
grm2206270009026,인터넷에 공부 명언 검색도 해보고 열심히 찾아봤어요.
grm2208080054308,청의 문물 제도 수용과 청과 구분되는 조선의 독자성을 유지하는 것은 상충되지 않나요?
grm2209210101299,씨씨티비에서 차가 엄청 과속했대.
grm2210110110441,좀만 참고 버티면 갑자기 쉬워지는 순간이 올 거예요!
grm2207210015078,이것도 지금 눈치 보면서 보는데 자주 올려 주시면 좋겠습니다.
grm2207040034900,논술은 수리논술 문항이 포함되어 출제되는데요.
grm2207040022760,좋은 자소서 작성하시길 바랄게요.
grm2208110051141,부모보다 모의 유전자를 후세에 많이 전달하기 위한 전략이 아니다.
grm2209260113717,더 이상 같은 이야기 안 하겠습니다.
grm2206130062611,시기를 따로 구분해야 하는지 아니면 한 전체로 봐도 무방한지 궁금합니다.
grm2207200000769,일 클래스 배달 와서 올리려 했는데요.
grm2208160078551,아니면 처음부터 순서대로 쭉 수강하는 걸 추천하시나요?
grm2210180105735,팀으로만 지원 가능하다는 데 개인은 안 된다는 건가?
grm2208310056659,그럼 관직명 중에 양과 낙타가 나타내는 것이 무엇인지 잘 모르겠어요.
grm2209050044633,원래 인강 듣고 필기하는 것보단 자습서를 혼자 읽고 이해하는 식의 공부를 좋아했어요.
grm2207070011638,접수할 때쯤 되면 각 대학별로 변환 표준점수 표가 나오는데 자기 백분위에 해당하는 변환 표준점수가 자기 탐구 점수가 되는 겁니다.
grm2206270036924,그럼 어제보단 나아졌겠지 한다.
grm2207210020316,안 그래도 요즘 수면 시간 때문에 고민 많았는데 사용해 봐야겠어요.
grm2210110116055,얼른 오셔서 키트 받으셔야죠.
grm2208290080839,자국 문화가 대체되는 경우에만 동화인 것이 맞나요.
grm2209090045158,전건이 참인 동시에 거짓이고 후건은 거짓인 경우 조건문은 왜 참인 동시에 거짓이 되나요?
grm2210140114573,올해도 기대해 보자구요!
grm2208250042339,이 문장이 왜 관계 관형절이고 생략이 가능한지 자세히 설명 부탁드려용.
grm2209280109809,그건 인강을 보고 배우고 그래야 하기 때문이야.
grm2210070111745,저는 심심하면 혼자 카페 가곤 합니다.
grm2209290117733,시험 끝나면 망했는지 잘 봤는지 확실히 알 수 있다.
grm2208250065284,물체가 장애물에 의해 정지하잖아요?
grm2206230012539,현재로서 마지막 싸웠을 때는 정말 온갖 이야기를 했어요.
grm2210050108406,휴가 때 침대 밖으로 안 나왔습니다.
grm2206220023239,문 닫는 추가 합격자를 생각하면 그리 높지 않다는 의미예요!
grm2207260032242,집 가면 전화고 인터넷이고 뭐고 아예 손이 안 가고 공부만 하게 되더라고요.
grm2206150091702,그런데 뒤에는 또 상황으로 인해 개인이 실제로 성장했다는 듯이 말하는데...
grm2209150104444,달서구에 자리 비면 그쪽으로 옮기고 싶다.
grm2208100043469,"독서, 문학 인강이 한 파트에서 네 시간 되더라고요."
grm2207040035696,혹시 면접 때 독서 관련 질문이 많이 들어왔나요?
grm2208030073144,가에서 가속도 방향이 반대면 나보다 더 작은 눈금이 찍히나요?
grm2209010069959,아니면 공에 작용하는 힘을 의미하는 건가요?
grm2208170084893,해야 하는지 궁금합니다.
grm2206140074182,하는 내용이 이해가 잘 가지 않습니다.
grm2207070033265,앞으로도 휴식처를 만들어 주는 마스터가 되도록 노력하겠습니다.
grm2206160043066,에너지를 얻기 때문에 이동하게 된다고 생각을 했는데 이러한 순서가 맞는지 확인해 주세요.
grm2209080078639,계수가 같으면 된다고 하시는 것도 무슨 말인지 모르겠고요.
grm2206210030402,더 나은 칼럼을 준비하겠습니다.
grm2208160068021,하셨는데 지구가 밀리지 않는 이유가 무엇인가요.
grm2207260032880,저보다 훌륭하신 윤리의 신이 되시기를 진심으로 기원합니다!
ext0000000121361,국민도 언론도 이젠 좀 싸우지만 말고 잘 협조해서 국정을 이끌어 달라고 주문한다.
grm2209150099847,"대한민국 국민이 이 시기에 교회 맹신하면서 마스크도 안 끼고 노래 부르고 집회도 참석하고, 이게 맨정신 생각으로 가능한 일임?"
grm2209220112308,지금 다들 마스터님 글에만 있어서 여기 조용하다.
grm2207280025364,한 번 아침밥 드셔보시고 결정하셔도 괜찮을 것 같습니다.
grm2210210100059,그래도 이번에 국가 장학금이나 성적 장학금 기대해 볼 수 없나 해서 기웃거렸어.
grm2206170066053,길이 수축은 걸린 시간에 영향을 주지 않는다는 뜻인가요?
grm2209080064895,말이 어려워서 무슨 뜻인지 모르겠습니다.
grm2208300041767,수요일마다 업로드 된다고 하셨어요.
grm2209140106791,원인은 차량 절단 작업 중 불꽃이 바닥에 떨어지면서 폐유에 옮겨붙은 것으로 추정된다.
grm2207290030871,더 나은 모습을 위해 열심히 달려나가겠습니다!
grm2207180004060,오늘은 면접 때문에 힘들었으니 생물 노트 정리만 하고 놀아야지.
grm2207040009581,글씨 쓰기 어렵더라고요?
grm2209090068578,하셨는데 기체만 적용되는 거죠?
grm2209230107607,전 오히려 주변 사람들과의 관계는 괜찮은데 문제가 안 풀릴 때 오는 스트레스가 심한 것 같아요.
grm2209160115571,자투리 시간 잘 아끼시면 분명 낭비하는 시간이 많을 거예요!
grm2209050070860,"선생님, 제가 물리를 진짜 정말 죽어도 못 해요."
grm2207120004203,원하는 전공을 못하고 희망하지 않는 전공에 들어가야 될 수도 있나요?
grm2209290116276,세상은 우리가 지배한다는 이 말이야!
grm2208170067685,두 자석 사이의 공기의 질량도 생각해야 하는 것 아닌가요?
grm2207190036948,현재는 사범대학에 진학 목표를 두고 있어요.
grm2208050063050,매일 한국사 내용 처음부터 끝까지 자투리 시간을 이용해 공부하셨나요?
grm2207280032904,그리고 학생분도 항상 힘을 내시고요!
grm2209230104235,저희 인건비 처리 때문에 그러는데요.
grm2208250066693,둘 수 있는 이유가 무엇인지 궁금합니다.
grm2207110022306,누구보다 시간을 효율적으로 쓸 수도 있고요.
grm2206160081933,역할 행동에 대한 보상은 역할 행동을 잘 수행하여 받은 보상인데 그렇다면 역할 보상이라는 말도 있나요?
grm2207080025335,개념이 상세하고 예시가 많은 책으로 고르면 좋아요!
grm2207140026511,체대 말고 다른 학과는 아예 생각도 없어서 수시는 버렸어요.
grm2208080076241,여기서 꼭 식을 세워서 확인해야 하나요?
grm2209190104731,국어 매기고 영어 매기고 한국사 매겼어요.
grm2206230003140,연대 비롯한 상위권 대학들은 수능 등급 알 수 있을까요?
grm2207120022470,열심히 하고 있는 모습 그 자체도 응원할게요.
grm2210180115454,들락거리면서 놀 거면 여기 왜 있어?
grm2206140058225,선생님에게 왜 대지의 윤리인지 잘 모르겠어요.
grm2206300022058,오히려 연습 때 실컷 긴장해둬야 실전이 쉬워지더라고요!
grm2210060106138,님 어릴 때 인터넷 소설 좀 읽었어?
grm2209290116885,문제 풀 때 해당 강의 문제 전부 풀고 해설 들으셨나요?
grm2207150014155,세상에 제 심장 어디다 두어야 될지 몰라서요.
grm2207130023124,혹시 선배님은 반수하시면은 정시 전형으로 가신 건가요?
grm2210190112772,"학원은 도구일 뿐, 열심히만 하면 다 성공할 수 있습니다."
grm2209270105911,교수님들 얘기를 들어 보니 그게 전혀 아니더라.
grm2207110036669,모의고사를 죽어라 풀면서 익숙해지도록 만들었어요.
grm2206200001864,"이제 이 얘기는 여기서 스톱, 말이 너무 딴 데로 가잖아요."
grm2209010044771,행랑살이를 했던 석공이라 하면 석공이지 집에서 궂은일을 했다는 것이 되지 않나요?
grm2208090087643,두 가지 이론이 대략적으로 어떤 건지는 파악했어요.
grm2207060025346,친구가 자취하는데 너무 부러워요.
grm2206130073241,광원에서 빛이 나오는 시간이 동일한지 어떻게 확인하나요?
grm2210040104990,경기가 좋아지면 반드시 불경기에서 탈출할 수 있다.
grm2208020042913,요런 뉘앙스로 이해해 가지고 헷갈렸어요.
grm2207140004066,일요일에 처음 가보는데 잘 부탁드려요.
grm2208030087668,예를 들면 다른 단원에서는 문화를 이해하는 입장과 문화를 연구하는 태도는 다르니까 문제 발문에 주의해서 풀어라.
grm2206200010487,그런데 독보적이었는데 왜 해체했을까 싶네요.
grm2209050076695,아니면 문제에 다른 단서가 있나요?
grm2207110039686,결국에는 무산되었다고 하니까 그저 눈물만 나네요.
grm2208030089706,그리고 둘의 차이는 무엇인가요?
grm2210140111569,지금 지구과학으로 갈아타면 늦은 걸까요?
grm2207010032239,성적으로는 경북대 의대 적정 정두 점수 나왔어요!
grm2210190110692,약사나 연구원 같은 거 하실 거 같다.
grm2207040027544,저도 기타는 제 인생에 없을 줄 알았다.
grm2209300111315,지문에서 극복이 관념적으로 이루어졌다고 했는데 극복 의지와 같은 건가요?
grm2208080092936,막막한데 정말 한번 제대로 해 보고 싶습니다.
grm2207130034880,"감사한 마음만 계속 가지고, 그 마음을 원동력으로 공부하면 돼요!"
grm2210210109685,누가 더 잘하느냐가 관건인 것 같아요.
grm2208030086807,저는 그렇게 풀었는데 틀려서 의문이 들었습니다.
grm2207070017413,지문 읽으면서 정의에 좀 더 집중해야겠네요.
grm2207130013086,"진짜 갑자기 궁금해졌는데, 짜라투스트라가 도대체 뭐라고 말한 건가요?"
grm2208040083567,그래서 저게 무조건 안 된다는 건가요?
grm2208080085664,어떻게 하면 더 빠르고 효율적으로 사회 집단을 분류할 수 있을까요?
grm2208030061076,아니면 시기를 나누는 기준이 따로 있나요?
grm2208180058611,그냥 안정하고 나라 통치는 못하는 건가요?
grm2209140111826,선물로 저한테 준 거랑 똑같아요.
grm2209230116788,헌법소원까지 청구된 사안이라 아마 불리한 면은 조금 있을 듯해요.
grm2209160104619,하지만 난 그런 만학도가 아니지.
grm2206240034254,고려대 미디어도 정말 좋죠!
grm2208300068192,했는데 이것이 각 껍질에 해당하는 에너지만 가질 수 있다는 것을 의미하나요?
grm2208120066622,그리고 중력이 가져간 만큼 준다고 했는데 사과가 나무에서 낭떠러지로 떨어지면 이것도 중력이 가져간 만큼 준 건가요?
grm2209220109722,저도 그래서 책상에다가 붙여 놓고 계속 의식하려고 했던 거 같아요.
grm2206160078775,사진처럼 해도 괜찮을까요.
grm2208040041723,문학은 흡수가 매우 잘 되는 거 같고 적용도 잘 되는 거 같아요.
grm2209220113479,어느 정도 선을 지켜가면서 할 수 있다면 좋겠지만요.
grm2210060115434,"내가 친목 얘기 한 건 이 모든 문제의 뿌리가 친목이어서 그런 거지, 논점을 잘못 잡은 게 아님."
grm2209020059604,"학교에서 배운 거 같은데, 이게 맞나요?"
grm2209260109971,한가하실 때 건대 호수 산책 가세요.
grm2207250029839,어떤 학생이라도 스스로 만들 수 있는 것들이다.
grm2207040015429,"어떡하면 효율 저하, 주말의 무한 루프를 이겨낼 수 있을까요?"
grm2206140088339,협의는 왜 보편성이 많고 광의는 왜 특수성이 다 많은지 모르겠어요.
grm2209130111638,욕심을 줄이고 내가 할 수 있는 만큼 최선을 다해야겠어요.
grm2209140100988,내가 상식적으로 이번 정부 임기 내에 고용률이나 경제 상황이 어려워지면 제일 먼저 이자가 더 오르겠지.
grm2206200033408,정치와 법률 파이널 첫 번째 영상입니다!
grm2207200029202,효율적으로 제가 먼저 얻을 수 있는 점부터 차곡차곡 쌓겠다는 식으로 푸는 게 좋습니다.
grm2209020071462,이 식은 늘어난 길이가 있어야 사용할 수 있는 것 아닌가요?
grm2208240074776,아니면 다른 교재를 사서 푸는 것이 필요한지 궁금합니다.
grm2206130064689,한 것을 빼앗긴 개념이라고 보면 되나요?
grm2210180114192,어떤 식으로 진행되는지 아시나요?
grm2206280013378,특성화고 대부분은 졸업 후 취직을 목표로 하는 편이에요.
grm2208160090839,판단되는데 혹시 논리적 단절이 존재하나요?
grm2207220015196,덕질을 어느 선까지 하는 게 좋을까요?
grm2210210111014,합격자 발표 나오기 몇 시간 전이다.
grm2210050107686,상대 속도를 이용해서 문제를 풀려면 보통 가속도의 크기와 방향이 같을 때 씁니다!
grm2210210119456,"생명 공부 어떻게 하는지 여쭤보고 싶은데, 혹시 어떻게 공부하시나요?"
grm2207140028817,반수 목적으로 응시한 건 맞습니다.
grm2208040078019,같은 닮음의 중심을 가진다?
grm2208100075868,수식으로 한번 알아보려고 했는데 잘 안되네요.
grm2206240028263,문제집을 통해서 접해 본 기억이 난다.
grm2210200108864,그러면 나 재수 하실 때에도 국어를 저렇게 잘하셨나요?
grm2209140107276,물론 개인차가 있겠지만요.
grm2207260018900,전 귀마개 껴도 너무 다 들려서 집중이 안되던데요.
grm2207140025908,다시 한번 더 너무 감사해요.
grm2206170091440,결국 인간적인 관점에서도 동물 행동의 복잡성의 원인이 동물 내적의 복잡성이 아니라고 말하는 것인가요?
grm2209010073567,노란색 힘과 빨간색 힘이 실제로 작용했다고...
grm2209260103998,결과를 알기 전까지는 그럴 수도 있겠지.
grm2207260030416,혼자 하기 어려우시다면 좋은 강사분 커리큘럼 타는 것도 좋다.
grm2208110078555,했는데 풀다 보니 이렇게 생각하면 맞나?
grm2207070025099,그래도 밤은 새지 마세요.
grm2209070065402,에너지 준위의 차이를 넘는 에너지를 받으면 전자가 전이하지 않는다고...
grm2210170116090,"이거 보여주면서 빠져나가면 있던 귀신도, 사람들도 다 도망갈 듯."
grm2207280003384,거기서부터 이제 좀 독특한 생각이 나오네요?
grm2209050059485,"보라색, 분홍색, 초록색, 주황색으로 사건들을 각각 구분하신 기준이 궁금합니다."
grm2206150065856,왜 하필 물결 모양을 치면서 나가나요?
grm2206200024191,"많이 어렵나, 공부한 만큼만 보고 밤에 돌아오겠음..."
grm2208230043636,제 생각 중에 뭐가 잘못됐나요?
grm2208020072952,강의 수강 중 질문 있습니다.
grm2209160113332,고소를 만약 진심으로 생각하고 있다면 어차피 안되니까 안 하는 거 추천한다.
grm2209150104683,중계가 나름 강북의 목동인데 대박이더라.
grm2208030072879,이런 방식으로 풀려면 어떻게 식을 세우는 게 맞나요?
grm2207120038718,판이 시곗바늘 무게를 버틸 수 있을까요?
grm2210040106665,막 정류장 아닌 곳에서 내려달라 한다.
grm2210180111697,당당하게 수능 만점 받고 인터뷰 때 외칩시다!
grm2208240055062,영웅은 죽어서 이름이라도 남기는데 나는 그러지 못한다.
grm2207050031753,그냥 외우는 거 싫어하고 적용하는 거 오히려 좋았어요.
grm2208290070467,그런데 분리 후 에너지가 다른 요인은 무엇인가요?
grm2208310051899,"실용적, 윤리적, 정치적 목적을 달성하려는 욕구가 예술에 대한 관심과 욕구라는 뜻으로 해석되는데요."
grm2208020063402,하면서 풀면 반은 맞추는 정도입니다.
grm2208010055575,그러면 앞으로 인강 업로드 계획이 어떻게 되시나요?
grm2207260014252,서울로 올라가서 대학교 다니면 보통 그 지역에서 취업까지 할 텐데요.
grm2206270030405,의대에 오시기만 한다면 교수가 되기까지 까지는 어렵지 않습니다.
grm2208250045122,붙여 읽어야 하는 문장들의 기준을 잘 모르겠어요.
grm2209190108226,중성자 수 구해서 계산하는 게 최선인 것 같네요.
grm2210170114344,각 항의 최고차가 홀수 차수일 때만 순환식 인수분해를 적용할 수 있는 건가?
grm2208030055534,선생님께서 수능 특강 독서에서 소재에 대한 배경지식 공부도 필요하다고 하셨는데요.
grm2210210109966,중학생 때까지 자세가 안 좋아서요.
grm2206160089205,두 성질이 갑자기 혼동이 됩니다.
grm2208020078201,가정하면 밑에 설명해 주신 부분들이 이해가 가는데 두 극댓값이 어떻게 같게 되는 건지 모르겠어요.
grm2208310043449,계속 강의해 주셔서 궁금증이 생겨 질문하게 되었습니다.
grm2207060015948,가끔 요렇게 근황 올려주시니 수험생활 중 환기도 되고 좋아요.
grm2206140077537,마지막 계산을 사진과 같이 하였습니다.
grm2209280113845,오히려 누군지 알고 싶다.
grm2208170085021,이제 교재 구매를 할 수 없는 건가요?
grm2206300025952,원래 목표가 크게 없었다.
grm2206170090047,"하셨는데, 둘은 배타적 관계 아닌가요?"
grm2206280015949,간혹 문과 정시가 있긴 한데 극히 드문 케이스라 말씀드리기 어렵네요.
grm2207040022264,칭찬도 시청도 댓글도 너무 감사합니다.
grm2208010061825,그런데 요금은 그럼 성리학 말고 기존 유학으로 과거 봤나요?
grm2207280030190,하지만 오히려 지금 좋아하는 가수는 재능에 엄청난 노력파이다.
grm2208120090544,책을 가지고 다니면서 언제든지 정보를 볼 수 있어서요.
grm2208010056416,저번 질문에서는 뭐가 틀렸을까를 과하게 해석하다 보니 힘이 들어가 묻고 싶은 본질에서 조금 벗어난 질문을 해버렸던 거 같아요.
grm2208180088680,제가 사례 위주로 질문해서 매우 지극히 구체적인 사례로 보인 것 같습니다.
grm2206300018493,자세한 조언 덕분에 힘 얻었습니다.
grm2210180100198,제가 수락 안 하면 교육 다 마쳤는데 후순위로 밀려서 직무 못 받은 사람들한테 연락 가게 된대요.
grm2209140101186,개념만 하는 게 아니라 중간중간에 문제집 한 달 잡은 건 뭘 하든 완벽하게 끝낸다는 소리고 책은 우리랑 상의해서 정할 거래.
grm2207040027698,졸면서 공부했는데 참고하겠습니다.
grm2208160091403,선생님 강좌가 너무 마음에 들어 듣고 싶습니다.
grm2208020061562,갯벌이 정말 이런 기능이 있나요?
grm2207270021987,내년 의대 논술 넣어보려고 하는데 시간 투자는 어떻게 해야 하나요?
grm2208100060828,모르는 거 질문하려고 여기에 들어왔지만 사실은 다른 고민이 있어서 여기에 들어왔어요.
grm2207150029474,암튼 요즘 트렌드 감성이니깐 특별히 저도 누군가의 감성을 건드리고 싶진 않다.
grm2208290084899,"지난 질문에서 새로운 문화 요소가 나타났다는 것은 발명, 발견, 문화 융합 등에 해당하는 것이고 문화 공존의 경우 타 지역에 존재하던 문화 요소가 들어온 것이라 새로운 문화 요소가 나타난다고 하지 않는다고..."
grm2207290018559,서강대는 워낙 수학 반영비가 압도적이라 수학을 잘 보는 게 중요했었어요!
grm2210180113311,헷갈려서 미쳐버릴 것 같아요.
grm2207070039464,꼭 입시 성공하시면 좋겠습니다!
grm2208240079203,강의가 언제마다 올라오나요?
grm2207060023221,대입 준비하는 친구들에게 도움이 되었으면 좋겠습니다.
grm2208250091085,그리고 반드시 강의를 들어야 하나요?
grm2208240076209,이 문제를 아래 사진과 같이 풀었는데 괜찮을까요.
grm2210130105943,그 사람들이 목소리를 내줘서 사회가 변화했기 때문이다.
grm2206240032021,만원 좀 넘는데 품질이 좋고 내장 디자인도 완벽해요.
grm2209020088394,직접 전파로 인해서 문화 융합이 이루어졌다면 이것은 새로운 문화 요소를 창조하는 것으로 보지 않는 건가요?
grm2208240076242,왜 둘이 같아야 하나요.
grm2209230100146,나중에 강사님들이랑 막역한 사이 될 때까지 하면 긴장도 안 하고 술술해서 언젠간 붙겠지.
grm2209140098978,지금 관련 연구로 쓰면 안 된대.
grm2206170077195,그런데 어떻게 이 식이 밑줄 친 문장처럼 되는지 모르겠어요.
grm2208080073711,저는 그냥 좀 찍듯이 풀었습니다.
grm2210190108856,국어 성적이 제일 문제인데 혹시 도움 되셨던 국어 공부법이 있나요?
grm2207270036316,저도 사실 별 감흥이 없었어요!
grm2207070010823,이대 진짜 너무 들어가고 싶어요.
grm2207260038624,저도 요즘 그 이유를 잘 모르겠습니다.
grm2208260083143,모든 가구의 인구수는 같다는 것 정도는 유추할 수 있다고...
grm2208250076431,제가 한 풀이는 어디가 잘못된 것인지 궁금합니다.
grm2207270001439,삼 백 일 동안 한결같은 마음으로 임해 봅시다.
grm2207260016938,대학에서 필요하면 미리 공부하는 게 좋겠네요.
grm2208240055040,"이 재현을 이용해서 추상적 의미까지 표현해야 독자적 예술이다, 이렇게 생각했습니다."
grm2206160071437,할머니가 정지해 있다가 움직일 때 김밥 바구니의 속도가 존재할 수 있는 이유는 할머니가 김밥 바구니에게 오른쪽 방향으로 힘을 가했기 때문입니다.
grm2210140114031,"그냥 지우기만 해요. 뭐, 서로 잘못 없다 하니..."
grm2210210117844,폰 없어서 공부 자극을 못 해서 선생님 쓴소리 듣는데요.
grm2206160069641,이렇게 풀었는데 어디서 잘못된 건가요?
grm2206230022562,공부하다 헤이해진다 싶을 때 한 번 사용해 봐요!
grm2207010009786,수업하시는 걸 보려면 어느 강좌 몇 강을 들어야 하나요?
grm2208170064439,강의에서 고조선이 연과 대립 관계를 형성하고 있다고...
grm2210140112625,수능이 망했을 경우를 대비하여 교차지원 가능성을 염두에 두고 신청했습니다.
grm2207250019575,마스터님이 초등교육과 시니 정말 좋은 선생님 되실 것 같아요!
grm2210070103986,진짜 말투도 너무 재수 없어.
grm2207200011680,마스터님께 질문 몇 차례 넣었어요.
grm2206170068762,"했고, 수심이 깊을수록 속력이 크다고..."
grm2209130118740,"저는 과학 지문만 모아 둔, 그런 걸 생각했거든요."
grm2208170073564,왜 합성 자기장을 구하는데 탄젠트를 쓰는 건지 이해가 안 가요.
grm2209160104880,아까 공동 선언인데 진짜 대박이었어.
grm2210060109064,기숙 학원이라서 제가 약국 방문이 어려워요.
grm2206230012921,마스터님들 너희들 감정 쓰레기통 아니야?
grm2208120091730,이런 의미로 저는 받아들였었거든요.
grm2207200014991,있다가 오늘 거 보낼 때 말씀드릴게요.
grm2209060044271,간결히 답의 근거가 뭔지 알려 주시면 감사하겠습니다.
grm2207260015058,시간은 많이 걸려도 이해는 되더라고요!
grm2206300014098,짝눈이시면 화장하실 때 막 짝짝이로 되고 그러지 않나요?
grm2209210115989,마스터님도 즐겁게 하실 수 있으니 한 번 시도해 보세요.
grm2210210114057,너 만들어준 분들 돈 쪽쪽 빨아서 듣고 있음 좀 제대로 해.
grm2206210014645,방향 상실감이나 방황이라고 하는 게 오히려 낫지 않을까요?
grm2209260118393,공부 전체의 밸런스를 맞추기 위해 수학 위주의 학습을 하면서 물리는 반드시 꾸준하게만 학습을 해보자는 거예요.
grm2210060119386,"네, 좀 세게 말할 겁니다."
grm2208230044141,혹시 조금 이상한 질문일지도 모르겠는데요.
grm2210200110536,차이가 크지 않아 보이기도 하고요.
grm2209280113370,그런데 너무 억지로 깎아내려서 지운 거임.
grm2210050108878,내가 지금까지 한 미적분은 그냥 깔짝댄 거구나 싶어요.
grm2208180076400,그때 수선의 발은 어떻게 되나요?
grm2208050073117,무게와 질량의 차이도 궁금합니다!
grm2210040114514,수학 개념 정도만 했는데 하기 좋은 문제집 추천드립니다.
grm2210110117375,이런 거 보고 싶다고 하면 해 주시나요?
grm2210110112504,개념을 완벽하게 하면 풀리겠지 하면서 미루고 있었는데 좋은 팁 알아가는 거 같아요.
grm2209260106470,퇴사는 또 한풀 꺾였어?
grm2207200010435,수학 어려운 문제를 학생들에게 설명할 자신이 없습니다.
grm2209160118701,본인 소신대로 계속 해주세요!
grm2210180099792,아는 것도 못하고 그리고 발표도 엉망으로 하고 망했어.
grm2208160062495,국제 연맹 결성의 기초가 된 건 무슨 사건인가요?
grm2207080011531,내가 옳은 방향으로 공부하고 있고라고 확인만 할 수 있다.
grm2206270012850,엄청 감사해 하실 거예요.
grm2208290078851,중점을 찍게 되면 왜 평행선이 되는지 모르겠습니다.
grm2208050050597,시점 변환을 거친 영상에서는 동일한 크기의 물체는 동일하게 나타난다.
grm2207080014899,저는 독서실에서 재수하고 있는데요.
grm2207130030491,다른 마스터 분 영상을 볼 일은 잘 없다.
grm2208260057365,교재 일시 품절 언제 풀리나요?
grm2206140077934,함수의 차 빼는 법 잘 모르겠어요.
grm2208170065271,문제 푸는 데 지장은 없지만 궁금한 거 질문합니다.
grm2208080056417,지문 어디에도 자석이 있다는 정보를 찾을 수가 없습니다.
grm2209010075376,구성한다고 했는데 왜 순서도 고려하는 거죠?
grm2208040074507,어디가 중점이라고 말씀하시는지를 모르겠어요.
grm2207250026543,혹시 사진 바탕화면으로 써도 될까요?
grm2208030081788,두 개념이 문제로 나오면 다 맞추는데 헷갈리네요.
grm2210050104449,장염이랑 감기가 살짝 온 것 같대.
grm2206150089342,미시적인 것 이상이라는 건가요?
grm2210190107967,자체가 미분 불가능하다는 걸 생각을 못했네요.
grm2210070116254,몸 관리 잘 하시면서 공부하세요.
grm2209210099120,이번 일로 너무 새로운 사실들을 알게 돼서 깨달은 교훈입니다.
grm2208160059660,선생님이 문제를 풀 때는 어떻게 이해하면서 풀어야 하나요?
grm2206210013455,안 그래도 마스터님 못 봐서 서러웠어요.
grm2207280002444,친구 없으니까 이런 커뮤니티에 들락날락하면서 지 외모로 어그로 끄는 거 열받음.
grm2207260001374,나 기출 있는데 내가 지금까지 말한 문제집 다 안 품.
grm2207120004216,저거 총각이랑 미혼 남성이랑 무슨 관계인지 몰라서 한참 헤맴.
grm2207050032798,정말 어렵게만 느껴지는 게 윤리 과목이죠.
grm2209060069696,시간 지연이라는 말은 제가 기준인 좌표계에서 운동하는 상대방의 시간이 팽창한다는 의미가 맞나요?
grm2206160069580,그리고 에너지는 진동수에 비례하나요?
grm2208240071523,속도가 같으면 어떤 문제가 발생하나요?
grm2207290020042,늦은 시간인지 이른 시간인지는 모르겠다.
grm2210140113551,중간고사 모두 아주 잘 본 상태일 거라 믿어..
grm2210190108963,최저 못 맞추고 떨어졌는데 올해도 불안불안하구먼요.
grm2207120003805,여자였던 거 다들 몰랐구나?
grm2209300100330,오늘 약속 잇따했는데 몇 시에 나가?
grm2207120026018,지구과학은 암기를 못 해서 포기.
grm2210050119528,왔다 갔다가 너무 심해요.
grm2207200001596,다른 분들 열공 인증 보니 저는 아직 아이 군요.
grm2207270000611,대학 네임 밸류는 내신 성적이 좌우한다.
grm2210060101377,사실 내가 그거 우리 힘들 거 같다고 하지 말자고 했었는데 자율동아리 주도한 애가 계속 우겨서 밀고 간 거란 말임.
grm2209080077217,그리고 이를 외심으로 이해해도 될까요?
grm2209140111360,만화 구성도 어쩜 이리 야무지세요?
grm2206220031835,교양 수업은 신청해서 들으려면 저희 학교는 있는 걸로 알아요.
grm2207290037284,좀 더 집중해서 보셔도 큰 무리는 없을 거 같아요.
grm2209270112003,기하가 없는 게 좀 아쉬워요.
grm2207260032300,시험장이 마음에는 안 들지만 최선을 다해 보고 오겠습니다.
grm2208230064543,그리고 저출산 현상을 사회적 관점으로 바라본 예시를 알고 싶어요.
grm2207080003049,영어 실력이 딸린다는 것을 오늘 깨달았다.
grm2209260110914,시청해 주셔서 감사합니다.
grm2206270033003,공백기를 메우기 위해 열심히 달리고 있습니다.
grm2207270033132,마스터님 칼럼 재밌게 읽고 있어요!
grm2210060108037,원론적이긴 한데 한 단어 요약이에요.
grm2209220100709,그냥 맥락 없이 질문하는 것보다 그냥 만들어서 체계적으로 질문해야 나중에 리포터 작성할 때도 편하고 괜찮지 않을까.
grm2208290089274,말하는 것이 맞지 않나요?
grm2210200101215,연구는 결론에 교육 방안이나 모델이 제시되어야 하는 게 정석임.
grm2206270039156,혹시 잡 생각이 많은 편이신가요?
grm2209080084013,문제에서 엄밀히 이 둘을 구분하는 것이 아니라면 묶어서 생각할까요?
grm2209130100843,... 콘크리트도 쟤네들이 다 만든 거구나를 처음 알았어.
grm2209090083663,이렇게 설명하셨는데 여기서 의문점이 뭐냐?
grm2206230011659,혹시 말씀해 주신 방법을 기사 말고 책 읽는데도 쓸 수 있을까요?
grm2208240041226,다른 강사들은 완강을 앞두는데 너무 하십니다.
grm2207040013640,마스터님 보고 싶어서 왔는데 무슨 일 있으신 건 아니죠?
grm2207140018593,오늘 수학 보고 내일 국어라 하기 전에 기억 안 나서 다시 왔는데요.
grm2207060024388,조금 비슷하면서도 다른 맥락이긴 한데요.
grm2208170067639,하지만 올라올 때는 원래 가지고 있던 운동 에너지가 있는 것은 아니잖아요.
grm2209200104796,뭐 시키지 말라고 했대.
grm2208040045295,하고 자라는 말이 결국 무엇인가요?
grm2208260079515,조건부 확률에서 사건과 시행의 구분이 헷갈려요.
grm2208310079313,대체 어떻게 바라봐야 하나요?
grm2209090060574,제가 성격이 많이 불안해서 걱정이 유독 많아서 그런데요.
grm2206160044411,"접두사, 접미사 등은 뜻이 있는데 왜 형식 형태소인가요?"
grm2208290070958,파리가 날아도 무게는 찍힌다고 하셨는데 제가 체중계에서 점프하면 줄어들어요.
grm2208160061056,그런데 왜 자료에서는 명을 다시 세우기 위해서 청에 반기를 들었다고...
grm2208120079679,풀 때 세 점이 일직선 위에 있는지 확신을 못 했거든요.
grm2206130043801,문제 관련 질문도 혹시 받아 주시나요?
grm2210130116015,비문학 읽을 때 뭔 소린지 하나도 못 알아먹겠음.
grm2206150066171,선생님께서 이 문제를 말로도 풀 수 있다고...
grm2209290116154,크로플 한 개씩 사 먹었어요.
grm2207190009491,수학 학원에서 일요일 보충까지 몰아서 해쓸 땐요.
grm2209160108023,그래프나 기호들 어떻게 작업하시는 건가요?
grm2209210109939,문제를 다 책 위에 풀고 행동영역 적고 했는데 이런 경우엔 어떻게 하는 게 좋을까요?
grm2208080085061,원래 가설이 저랬다는 것을 어떻게 유추할 수 있나요?
grm2208220044074,"개념적인 범주의 일부, 부분이라는 곳에 대한 인식이 강해서 처리를 잘못한 것 같아요."
grm2206240038523,저는 기출문제 구조 분석과 행동 요령 확립에 집중했습니다.
grm2209260106510,과학의 발전을 기다리며 잘 버티다가 타임머신 개발되면 고대 그리스로 회귀해서 역사에 이름을 남깁니다.
grm2207140004116,수학에서 개념을 이해한다는 건 달달 외운다는 게 아니라 문제를 자신만의 언어로 해석할 줄 안다는 겁니다.
grm2207110013072,일일이 찾는 게 너무 번거로워 문의 남깁니다.
grm2208110088343,번거롭게 하여 죄송합니다.
grm2210170104627,매니저가 저 근무 넣어버림!
grm2207140018755,복수 전공에 대해 궁금한 점이 많았었는데 감사합니다!
grm2210130105353,보이시는 것처럼 우리는 미국을 여행지로 삼았습니다.
grm2208310052123,사설 모의고사나 지문들을 병행하면서 들어도 괜찮을까요?
grm2209220113632,그냥 필기되어 있는 내용 복습하고 문제 다시 푸는 정도면 될까요?
grm2208180068758,혹시 내용이나 문제가 수강하기에 어려움이 있을까요.
grm2207280032357,원래 수의원에서 경쟁률은 상상을 초월해요.
grm2208110051423,읽는 동시에 반응하는 것이 가장 이상적이기는 합니다.
grm2208180071254,말씀하셨는데 잘못 말씀하신 건가요?
grm2206230033777,로스쿨 취지만 보면 국가의 인재들이 사시 준비로만 썩는 거 방지한다는 좋은 취지를 갖고 있어요.
grm2208260071922,라고 해석했는데 왜 아닌 건가요?
grm2208250063556,"그렇다면, 하나의 민족이 하나의 국가를 세운 것이 아니라, 하나의 민족이라 할지라도 다른 국가로서 대립하였던 것인가요?"
grm2209290108492,치환하면 전혀 복잡한 계산 없이 깔끔하게 떨어지네요.
grm2206130091648,혹시 내년 강의를 올해 교재로 들어도 괜찮나요?
grm2209220107018,한방병원은 전문의 따로 가는 건가요?
grm2209190119217,일단 남들보다 합리적 의사 결정 능력이 떨어지고 지능이 낮다는 뜻입니다.
grm2210110110416,서울 학생들이 다 공부 잘한다고 생각하지 마세요.
grm2210120113949,지도 보다가 궁금해진 건데요.
grm2207120014754,"강의실에선 탭을, 집에서는 노트북을 더 많이 쓰는 건가요?"
grm2207250025452,긴장을 하더라도 알아서 잘 풀어놓은 자신을 보게 됩니다.
grm2209060059848,제목은 오류 땜에 저렇게 쓰이니요.
grm2209190114636,정말이지 이 말 꼭 하고 싶었어요.
grm2209140116477,저도 내년엔 마스터가 되어서 이런 글을 남기고 싶네요.
grm2209280099129,모두가 의견이 다르면 누구 얘기 들어줘도 욕먹어서 전부 소심하게 밖에 대응 못해요.
grm2209090062414,얘네가 왜 동시에 일어나나요?
grm2206150075537,논리적으로 잘못된 부분이 있나요?
grm2208190040988,심리적 성향이 영향을 미치는 것은 외적 범주에 한한 것인지 내적 신념에도 적용이 되는 건지 궁금합니다.
grm2207050010025,지구과학은 재수 전까지는 그냥 안 잡힌 상태였다고 봐야 할 것 같습니다.
grm2208300051595,지문의 어느 부분을 통해 어떻게 이해해야 하나요?
grm2207250012614,고양이는 우리 집에서 잘 지내고 있으니 안 구해 줘도 되거든요.
grm2207060034912,제가 답글 달면 댓글 작성자분께 알림이 가나요?
grm2209210105844,이제 한국에 거주하는 외국인이 워낙 많으니까 차별하고 싶지는 않지만...
grm2207210000357,수능 국어 기출 꾸준히 내신 기간에도 하는 게 좋을까요?
grm2208300062306,따라서 강의 내용을 기반으로 학습하시면 좋을 것 같아요.
grm2208290063002,"친절한 답변, 항상 감사합니다."
grm2206150060379,"백제 성왕, 신라 진흥왕 때의 일이라고 하셨는데 백제가 신라와 연합하여 한강 유역을 다시 회복했다는 게 맞나요?"
grm2209140099608,드라마 영화는 우리가 더 잘될 텐데.
grm2209150111198,저희는 강제는 아닌데 학교 가면 괜히 기분도 안 좋고 예민해지네요.
grm2207220018136,무조건 무시하는 게 맞는다고 생각합니다.
grm2208120055713,방금 묶었던 두 묶음에서의 시점이 궁금합니다.
grm2209070055759,그것이 선지의 반례가 될 수 있지 않나요?
grm2207070020549,영어 간접 연계로 전환되었는데도 달달달 외워야 할까요?
grm2208180059009,"궁금하고, 명확히 짚고 넘어가고 싶어요."
grm2209210105592,기업에서는 대응책 마련에 부심하고 있는 것으로 알려졌어.
grm2206160057938,그러면 복습을 기적 노트만 가지고 쭉 하면 되는 건가요?
grm2209200104811,일반인들이 봐도 귀여워서 인기가 많대.
grm2208220053790,꼼꼼하게 읽었다고 생각했는데 맨날 이런 문제만 틀립니다.
grm2209150116656,수시에 대해 궁금한 것도 있다.
grm2210060100763,연구 주제 몇 개 이야기하면요.
grm2206170075957,연속하는 두 함수를 더하거나 곱해도 연속이 유지되나요?
grm2208250062553,교재 구매하려고 보니까 품절이네요.
grm2206240035442,개념이나 기출을 너무 대충 봤다는 생각이 드네요.
grm2207280018766,책 하나로 했습니다.
grm2209090091390,제 질문에 답변하러 들어와 주셔서 감사합니다.
grm2207250024633,원래는 인하 공대 넣으려고 했는데요.
grm2208080063970,두 개의 차이점을 확실하게 알 수 있는 법이 궁금해요.
grm2207220030213,이따 새벽에 그거 플래너 보낼게요.
grm2209060086193,지문에 회사 매출이 늘었다는 부분이 있는데 역할 행동에 대한 보상으로 볼 수 없는 건가요?
grm2209080074778,너무 조급한 거 같습니다.
grm2209300107547,그치만 전문성이 있는 영역을 찾았다고 생각하면 될 것 같아요.
grm2208250076782,왜 이런 현상이 나타난지 궁금합니다.
grm2208240086190,그냥 관찰자가 관찰 대상자들을 관찰하는 것 아닌가요?
grm2209020074460,사진에서 극한 구할 때 화살표로 넘어가는 부분처럼 풀면 왜 잘못된 값이 나오나요?
grm2207130000752,이런 애가 목소리만 크고 속은 아무것도 없는 애다.
grm2209150114775,기출 분석을 제대로 했다는 전제 하에 문제 풀이도 무의미 하다고 보시나요?
grm2208260060209,그리고 일본의 은도 결과적으로는 네덜란드에게 유입되면 되는 것 아닌가요?
grm2209090064556,왜 미국이 신탁 통치에 찬성하고 소련이 반대했다고...
grm2207220015753,다음 영상 주제는 이걸로 해 주세요.
grm2207010032254,제가 시험 도중에는 문제 외에는 손이 잘 안 가서요.
grm2208160066819,"갑자기 헷갈리는데요, 이게 맞나?"
grm2206160081027,"이번에 처음 강의 듣기 시작했는데요, 이 책은 원래 답지가 없나요?"
grm2210060118499,별로 좋은 건 아닌 게 확실하군요.
grm2206130054755,고치고 나서 지문을 보니까 의문점이 생겨서요.
grm2208090042187,출처가 없는 문항들은 사설인 건가요?
grm2207070010161,불필요한 밑줄 도형만 줄여도 시간 꽤 줄어들어요.
grm2210060109654,작년에 계속 수능 칼럼 썼더니 소재가 고갈됐어요.
grm2208040073792,그래프의 어느 지점에서도 절대 질량은 달라지지 않는 건가요?
grm2210170113789,세상에는 이해 못 할 신기한 분들이 많음.
grm2209080091283,여기서 말하는 식민지 정부는 영국이 관리하는 건가요?
grm2208020065933,이런 상황도 문제가 없는 건가요?
grm2206130087058,추가로 만약 그러하다면 노인 역시 귀속 지위로 볼 수 있는지도 궁금합니다.
grm2210110112678,이건 개인마다 차이가 있으니 본인만의 오답 관리법을 찾아가는 게 맞는 것 같습니다.
grm2208080071377,물리에 대한 궁금증이 있어 이렇게 질문합니다.
grm2209070071230,속력과 속도의 크기가 같은 뜻인가요?
grm2209150101619,안전거래 사이트 링크 하나 주는데요.
grm2208120045330,가까워지고 멀어지구의 기준은 달로 생각하면 되나요?
grm2208250059497,"연맹 가입이 배제되었던 주요 국가들이 미, 독, 소 이외에 또 어디가 있는지 궁금합니다."
grm2208250081423,제가 옳게 이해한 건지 모르겠습니다.
grm2206200030750,책상 앞에 아주 가득가득 이제 공간도 별로 없어요.
grm2209130111159,누가 더 취업 잘 되나요?
grm2209300112436,이 선지가 맞다는 것을 손가락 걸고 확신하고 뒤에 선지를 안 보는 걸 이르는 말이에요!
grm2208290087929,나오는데 이는 결국 진화론도 해당되는 내용 아닌가요?
grm2207150012444,나름 성실하게 생활했다고 생각했는데 등급을 보니 아닌 것 같아요.
grm2209290103445,자기 혼자 걸으면 괜찮다.
grm2207250025772,시간은 따로 재지 않았다.
grm2210070099505,나 정말 충격 심하게 받았었어.
grm2206240021900,제가 알기론 제 한정적인 표본 내에서는 중앙대 공대를 버리고 온 친구들이었는데요.
grm2208290062725,"하는데, 신라는 원래 백제와 사이가 좋지 않았나요?"
grm2210060115983,동국대에서 서울까지 오는데 얼마나 걸리나요?
grm2207270023331,양이 많은 의대 공부를 어떻게 하는지 영상으로 준비했습니다!
grm2208260086940,증가율과 상승률은 같은 건가요?
grm2207060014676,지난번에 어떤 분이 세탁기가 감성 있다고 한 사진이네요.
grm2208190041167,말을 건네는 방식으로 구분되어 있길래요.
grm2207290000536,그래도 찍어서 올렸으니 저작권법 위반은 맞잖아요.
grm2208220093325,하셨는데 전치사와 명사는 묶어서 수식어 처리가 될 수 있는데 보어의 자리에 들어갈 수 있다는 게 이해가 안 갑니다.
grm2207290039673,저도 처음에는 너무 신기했어요!
grm2207290028824,재판 결과가 나와야 점수가 나올 것 같습니다.
grm2209230112250,"월간지, 모의고사 등 많아서 자료 걱정은 안 하셔도 될 것 같습니다."
grm2208040043597,"모의고사는 똑같다고 들었는데, 아닌가요?"
grm2208220056566,"청구권과 기본권, 구제 제도의 구분이 잘 안 돼요."
grm2207130009674,대학원 진학도 많이 하고 복수 전공을 통해서 다들 취업 가능성을 높이려고 합니다.
grm2208250051355,동생이 형의 소설에서 나의 그림과의 관련성을 생각한다.
grm2209080065796,제 풀이 방식으로 문제를 풀어도 되는 것인가요?
grm2206280001742,공부하다가 충격 먹었을 때 혼잣말로 멘탈 단련하러 오는 것임.
grm2208160068313,생각했는데 어디가 틀린 것인지 궁금합니다.
grm2207040009128,그래도 이왕이면 한 번에 가시기를 기원하겠습니다.
grm2209060056053,요즘 새로운 사설 지문을 많이 접하는 학습을 진행하고 있습니다.
grm2210070113943,지구과학 했는데 미리 한번 빼놓는 게 나으려나.
grm2207210030012,화학이 아무리 표점이 낮아도 화학을 좋아했다.
grm2209090080681,이해가 잘 안 되는데 그렇게 판단하는 원리가 뭐죠.
grm2209230098812,그런데 왠지 겁나 잘 키울 거 같아서 기대되네.
grm2209200110647,저도 고대 가고 싶은데 요즘 자꾸 그냥 내신만 챙기고 재수해야겠다 생각이 들어요.
grm2209090081817,이렇게 풀면 왜 안될까요?
grm2209090063344,"성종에서 왕권, 신권 조화가 있는데 신권은 무슨 뜻인가요?"
grm2209230117548,지금 실전 모의고사 얘기를 하시는 것 같은데요.
grm2210170098713,우리나라에서 확진자가 많은 것처럼 보이는 것 뿐이래.
grm2209060091406,했다가 나중엔 본인들 원래 정체성이라고 말을 바꾸는데 뭐가 맞나요?
grm2209290104801,니가 정시로 뚫는다면 경북대가 적당해.
grm2208190075264,어차피 길이니까 양수 아닌가요?
grm2209230108219,여러분들은 건강 잘 챙기며 공부해요.
grm2210110117068,고양이 귀는 휙휙 잘 돌아가서 진짜 신기해요.
grm2206140089814,애초에 문화 동화의 사례로 나온 샐러드 볼과 같은 비유적 예시가 있나요?
grm2209300108983,기출문제집은 어떤 거 사용하셨나요?
grm2208180081919,"약화할 수도, 그렇지 않을 수도 있는 건가요?"
grm2208030053722,강의에선 부분적으로 확인된다고 하시는데 뭐가 맞는 건가요?
grm2208240088389,작년처럼 올해도 내신 사문 강좌 재작하시나요?
grm2210190106970,수학 풀다 안 풀려서 숨 좀 돌리려고 고개를 든다.
grm2208100076819,말씀하시는데 도무지 이해가 안 됩니다.
grm2208020056929,발해의 수도도 상경이었던 거 같은데 맞나요?
grm2206210026475,다른 과목보다 수학의 비중이 많이 컸어요.
grm2208020090561,매번 좋은 강의 만들어 주셔서 감사합니다.
grm2207010016272,그리고 학원 시간 제외하고 대충 하루에 과목별 어느 정도로 공부하셨는지 여쭤봐도 될까요?
grm2210210116285,수시도 정시도 한 번에 챙기느라 버겁겠다.
grm2209290107600,일단 좋은 대학에 간 뒤 거기서 차차 다양한 경험들을 쌓아 간다.
grm2208300070738,두 물체가 충돌할 때도 시간이 소요되는 것 아닌가요?
grm2210130109812,그래도 시험 망치면 기분 안 좋고 잘 보면 좋다.
grm2208100069961,이 파리와 유리병에서 질문이 있습니다.
grm2208010070815,빛의 밝기와 세기에 대해 정확히 모르겠어요.
grm2208010091742,시작해 강좌를 듣고 있는 학생입니다.
grm2210060101441,내 동생이 생각나서 더 안타깝네.
grm2210120111653,저는 개인적으로 더 신경 써서 정교하게 만들어진 문제는 수능 쪽인 거 같더라고요!
grm2207140004210,이미 실패해서 전 과목 다 하는 불쌍한 수험생입니다.
grm2208050082574,공기업을 민영화하면 왜 국민들의 빚 부담을 줄일 수 있나요.
grm2208190087273,설명하는 글이기에 총체성을 강조한다고 볼 수 있지 않나요?
grm2207130017088,다음 달에 모의고사 시즌 들어가면서 자습시간이 반 토막 날 거 같은데 어떻게 하면 효율적으로 자습시간을 운용할 수 있을까요?
grm2206220020736,말씀해 주신 대로 기출부터 완벽히 풀고 건드려 보겠습니다!
grm2208010058424,강의를 듣다 아랍과 이란 구분이 애매해서 질문합니다.
grm2208040077871,풀어도 성립해야 하는 거 아니에요?
grm2209300101368,독일에서 교수님한테 추천서 달라는 연락이 안 왔다는 거야.
grm2207080028670,양보다는 적은 문제도 명확하게 푸는 훈련을 하면 될 것 같았어요!
grm2208090058574,교재 구성이 개념에 기본 수준의 문항까지 포함된 것인가요?
grm2208310064440,책을 새로 사는 것이 학습에 도움이 될까요?
grm2209130118156,어떤 마스터님께서 수험번호 가리시라고 해서요.
grm2208030066297,마찰을 무시한다는 것은 중력을 무시한다는 거죠?
grm2209060092206,하는데 다시 받을 수 있는 방법을 없을까요?
grm2210180107732,차라리 독서실 가셔서 어쩔 수 없이 마음 더 굳세게 먹고 휴대폰 반납하고 재수하시는 게 더 나을 거 같습니다.
grm2208170083397,보다가 어떤 점에서 다른 건가요?
grm2210130108525,교재비는 비싸지만 우린 양심을 지키자고요.
grm2208020079748,왜 저렇게 바꿔줘야 하는 건가요?
grm2208250042979,세부적으로 보면 더 많이 했고요.
grm2210120099577,"자기들이 방법을 강구하지만 다른 곳으로 이관이 되더라도 출판사, 저자 동의 문제로 또 이용 불가일 거 같아요."
grm2208030044201,본론은 강의 강전에 꼭 시간을 재고 풀어야 하나요?
grm2208230085012,아니면 선생님의 설명과 같은 맥락인 것인가요?
grm2208240045009,여기에서 더하기가 왜 명사인지 모르겠어요.
grm2210050109952,올해 새내기라 아실지 모르겠지만 혹시 아신다면 꼭 잘 챙겨 주세요!
grm2210180108630,무조건 인강 교재에 하는 걸 추천합니다!
grm2207200026487,혹시 생명과학 단권화 노트 만들어야 할까요?
grm2209080043179,그리고 번뇌에 뜻도 알려주세요.
grm2207210038476,유명한 프로듀서 겸 가수라 다른 노래도 좋아요.
grm2208290093009,"생각하는데, 단어는 계속 외운다 치더라도 읽기 속도를 어떻게 높여야 하는지 모르겠습니다."
grm2206170053692,청 말고 명나라를 중시하자 이렇게 이해하면 될까요?
grm2210120112700,저는 폐가 약한데 망했네요.
grm2208120084070,하셨는데 이 부분을 잘 이해하지 못하겠어요.
grm2207290029937,해석은 하는데 의문사를 당합니다.
grm2208040093057,생각하게 되는데 구분하는 방법이 있을까요?
grm2207280033221,나중에 한번 자세히 올려볼게요.
grm2209150111852,인강 같은 거 듣는 게 정리하기 좋을 것 같아요.
grm2208310060152,천도가 아니라 수도의 이름만 바뀐 거 아닌가요?
grm2206300012193,더불어 애용하시는 필기 앱이나 필기 스타일도요!
grm2206270031761,춤은 괜찮은데 제가 몸을 잘 못 써요.
grm2208090079754,선생님께서 무슨 의도로 이 말씀을 하신 것인지 잘 모르겠습니다.
grm2207150034102,저도 빨리 기숙사 생활하고 싶다.
grm2209160110153,대학 졸업하고도 다양한 걸 시도해 볼 수 있다는 게 장점 같습니다.
grm2210130112623,수강 신청하실 때마다 제가 다 떨리네요.
grm2206150041438,인물이 추가되면 여러 개의 사건이 가능할 수 있다고 하셨는데요.
grm2209210115575,재수할 때는 따로 강의는 안 듣고 학원에서 제공해 주는 콘텐츠 풀고 일주일에 한 번 정도만 영어 감 잃지 않게 유지해 주었습니다.
grm2207270003497,그리고 말하는 걸 까먹었는데 노트 정리하실 때 자습서 비교하면서 하는 것도 추천드려요.
grm2208190082254,항상 강의 열심히 듣고 있습니다.
grm2207130024473,모르는 단어를 노트에 정리하여 외웠습니다.
grm2209290118997,"주간지 문제 양이 많은 편이 아니라, 하나하나 꼼꼼하게 오답하고 분석했습니다."
grm2210190114249,재수 하실 때 독서실에서 혼자 하신 건가요?
grm2206140041525,현재 처한 상황을 긍정적으로 인식한다.
ext0000000121520,그래야만 개혁이든 구조조정이든 무게가 실리면서 당초 목표했던 방향으로 일관되게 나아갈 수 있다.
grm2206200009692,쉬운 문제를 다 맞는 것도 연습이 필요하다고 개인적으로 생각합니다.
grm2206160091385,해서 감히 제가 질문을 올립니다.
grm2207180034776,요즘 의욕도 없고 꿈에 대한 회의감이 들었다.
grm2207180016006,자작 문제집은 조금 말리고 싶긴 하는데요.
grm2207110000237,같은 고려대인 거 반가워요.
grm2206160045173,기출 분석 문학을 보라는 건가요?
grm2210140116179,휴식 시간을 주면 조금 더 집중 잘 하실 수 있을 거예요!
grm2207290013172,수시 붙은 것도 아닌데 오.
grm2208240081769,막 급하게 쓰다 보니 질문도 뒤죽박죽이네요.
grm2209160108907,신촌으로 무료 셔틀 있어서 그거 타고 나가기도 하더라고요.
grm2208110084573,팬클럽 회원이 아니라 팬클럽에 밑줄이면 해당되나요.
grm2208300053284,선생님께서 분자 사이의 상호작용 별 구간을 나누셔서 설명하려는 건 정확히 이해했습니다.
grm2210060111210,진짜 애들 보기도 싫고 선생들 수업 듣기도 싫고 시간만 낭비예요.
grm2206200031855,공부하는데 맨날 다리가 너무 저려요.
grm2209300116270,삼수한다고 오를지 잘 모르겠네요.
grm2208250063006,중국 왕조인 신라 시대에 노비 매매를 금지했던 게 어떤 측면에서 경제가 통제되었다고...
grm2209090082452,"부정적, 긍정적인 모습이 모두 존재하는 것으로 봐야 할까요?"
grm2208260069133,피스톤 각각이 한 일은 어떻게 판단하나요?
grm2210130100071,오늘 아침에 지하철을 탔는데 노약자석에 어떤 할머니가 더웠는지 마스크를 안 끼고 부채질을 하고 있었어.
grm2209010056777,그리고 왜 기사가 영주인지 궁금해요.
grm2208100043772,더 나아가 서술자의 개입의 기준이 궁금합니다.
grm2208240068565,"선생님, 제가 한 풀이가 어디서 틀렸나요."
grm2209010072254,이 정보는 어디서 얻을 수 있는지 궁금합니다.
grm2207250035426,내가 개념을 이렇게 받아들인 흐름 대로 가 여기서는 잘 안 먹히네.
grm2209230116071,오히려 나중에 풀이 적은 노트 찾는 게 더 귀찮을까 봐 책에 했어요.
grm2208170068198,흡수 및 방출 스펙트럼은 기체 원자 및 분자에 한해서 적용이 될 수 있는 건가요?
grm2208250082878,예술은 관념적이라고 설명하셨는데 미술 작품 자체는 형태가 있는 것이라 조금 헷갈립니다.
grm2206300024798,문제에 수정해야 할 지점이 있네요.
grm2206160078685,문제의 주된 내용은 아니지만 헷갈려서 질문 올립니다.
grm2208170093947,그냥 문제만 풀면 될까요?
grm2210070105034,인공지능을 자꾸 개발하는 게 인류에게 안 좋을 거라고 전문가들이 얘기하더라.
grm2206210004065,인터넷 강의 듣고 한 번 돌리면 기본 개념은 다 저절로 알게 돼요.
grm2206140055550,연결된 두 문장을 어떻게 이어가야 할지 모르겠습니다.
grm2208090061555,시장과 상업이 발달하고요.
grm2206270018132,등교하고 있는데 하루를 일찍 시작하는 것도 의미 있다.
grm2207220029272,"마스터님, 우리 이름도 비슷한데 이러진 맙시다."
grm2207130034387,이 사실을 주변 사람들에게 많이 알려서 다들 경각심을 가질 수 있도록 하겠습니다.
grm2208020073223,이 부분 몰라도 되나요?
grm2210060113539,정신 나간 놈들 탄생 기원도 다 사담으로부터 기원한 것임.
grm2210120106499,어차피 오늘 소독 들어간다.
grm2208090070893,강의를 봐도 완전히 이해가 되지 않습니다.
grm2209270106787,빨간색 작은 크레파스 주세요.
grm2206200020732,혹시 재수 수능 성적 알 수 있을까요?
grm2206300036608,평소 연습할 때에는 당연히 깔끔하게 푸는 게 좋은 것 같아요!
grm2210070104650,고등학교가 인생의 다는 아닌데 오.
grm2208020054923,"홍길동이 반복 출자를 통해 영향을 행사할 수 있다고 나오는데, 이에 대한 근거가 있나요?"
grm2209130099495,언니가 오늘 보더니만 내신이나 생기부 하고 다 괜찮은데요.
grm2209230106011,난 아이디가 살아있을지부터가 불분명하다.
grm2209150115228,수험생활 내내 갈팡질팡했어요.
grm2207290020883,남고가 진짜 편한 한 그런 분위기가 좋습니다.
grm2210210110893,텀블러 너무 귀여워서 탐나네요.
grm2206280002325,나중에 기회가 된다면 손글씨로 칼럼 적어 볼게요.
grm2208030068524,그 부분은 무셔도 될 것 같습니다.
grm2207110026786,올해는 진짜 친구들 좀 만날 수 있길 바라며 인생 얘기 너무 좋아요.
grm2208040051470,제가 강의 내용 그대로 필기한다.
grm2209200110608,무조건 약사가 아닌 의사가 되고 싶다!!
grm2207270012915,답변 주시면 너무너무 감사하겠습니다!
grm2209260100606,여름에 마스크 하고 출근할 생각하면 미치겠어요.
ext0000000120759,특히 농업용수 공급은 여전히 천수답 수준을 벗어나지 못하고 있다.
grm2210210114894,순서로 따지자면 난이도 순으로 가면 좋을 것 같아요.
grm2207200032913,과학보다는 조금 더 쉬운 과목인 것 같다.
grm2208090057304,지도만 보고 파악해야 하나요?
grm2206210028018,저도 등급이 낮은데 열심히 해 보겠습니다.
grm2206290022374,조타니 너무 다행이네요!
grm2209220112018,되게 깔끔하게 잘 설명하시네요.
grm2210190100503,걱정은 되지만 걱정할 일이 생기지 않을 테니까요.
grm2207060012103,딴 애들도 아는 애들 있으면 알려줘.
grm2206140076087,"미분, 적분 둘 다 안 된다고 생각했는데, 아닌가요?"
grm2209090062256,그냥 전기부터 있던 거 임진 왜랑 끝나고 다시 했다고...
grm2209200099073,"애들은 우선 시각, 청각에 자극을 줘야 흥미 있어 할 텐데 전혀, 선생님 말로만 애들이 흥미를 가질까?"
grm2208250055814,여기서 공간이 궁궐이라 천상계도 아니다.
grm2208170058010,저렇게 정도 파악해도 되나요?
grm2210200117589,공부가 미친 듯이 하기 싫어요.
grm2208290044901,부피가 커지면 인력이 작아진다로 추론을 할 수 있다.
grm2209140116302,예전 공부 게시판도 심야에 분위기 어지러웠는데.
grm2207050021908,"내신 공부법을 준비 중이었는데, 방학 활용법도 한 번 준비해 볼게요!"
grm2206220033165,제가 받았던 스트레스들을 부모님께 푼 것 같아 괜히 싸우지 않는다.
grm2207130032056,저희는 실시간을 되게 늦게 시작한 편이었어요.
grm2209160108748,엄청난 두통은 아닌데 약간의 어지러움이라고 해야 하나요.
grm2206150041983,긍정적으로 마음을 먹을 수 있을 텐데요.
grm2209130107877,한 번 더 사게 하려는 의도라고 하죠.
grm2207110001699,주기율표 공책 사서 다닐 정도로 좋아하는데...
grm2209070073826,일상생활 경험과 연관돼서 그런지 헷갈리네요.
grm2210070102825,바이오주는 변동성이 매우 크니까 투자자가 몰리게 되더라.
grm2210060101364,너무 모르겠다 싶으면 이번 주에는 단어장만 들고 와서 애들 하는 거 보고 그다음에 감 잡아서 책 사.
grm2208040066500,좋은 답변 기다리겠습니다.
grm2209090066423,이건 왜 고려하지 않아요?
grm2207250032661,무조건 컴퓨터공학과를 가고 싶은 학생이다.
grm2209190100420,화유에서 보이는 바로 그 교회 뭐 선거에서 누구나 온다 하면 같이 뽑아주자 뭐 하자 하기도 하나 봐.
grm2208110064921,사원을 어떻게 연관시켜야 하나요?
grm2209130114117,문제를 보고 막히는 건 반복의 문제입니다.
grm2208090092576,어제 시험 치면서 단어에 대한 어려움보다 글이 읽히지 않는다?
grm2208170072325,다음부터 꼭 확인하도록 하겠습니다.
grm2207140030838,오랜만에 볼 영화가 생겼네요.
grm2206300009213,작년부터 이어폰 하도 껴서 너무 간지럽고 따가워서 병원 갔더니 그만 끼라던데요.
grm2208290057205,그림은 그냥 있는 건가요?
grm2208180052364,선생님의 현강은 언제쯤 스케줄이 나오나요?
grm2207080025776,진짜 고생 많으셨어요. 축하드립니다!
grm2207260031220,제가 경쟁력이 매우 낮다고 생각해서 지원 못했어요.
grm2208230062954,"군장, 왕, 족장의 차이를 잘 모르겠어요!"
grm2207290029617,지금 시기는 기본적인 베이스를 쌓으시면서 문제 풀이에 익숙해지시는 게 맞습니다.
grm2207180030853,질문거리 자주 자주 들고 가겠습니다.
grm2207080038793,재미있게 봐 주시고 좋아해 주셔서 고마워요.
grm2210040110374,진짜 자신을 믿는 게 세상 어렵네요.
grm2208010058110,그리고 동양에서 물건이 도착하기에는 너무 멀지 않나요.
grm2209260104368,그런데 낼 전공 시험 하나 남아서 마지막까지 힘내야죠.
grm2208090066265,제 생각에는 잡아당기는 힘이 쪼금이라도 더 커야 오른쪽으로 이동한다고 생각해요.
grm2209150113394,다 독학해야 되는 게 너무 힘들었어요.
grm2208310068432,선생님이 방향 옆에 쓰신 한자가 뭔지 모르겠어요.
grm2206160044999,교재를 깨끗이 써야 되나요?
grm2209090050296,흉막강의 부피가 줄어들고 있다는 건 이해가 되는데요.
grm2209050074699,왜 이런 모순이 나는지 모르겠어요.
grm2208260069821,평균 속도를 구할 때 그냥 처음 속도와 나중 속도를 더해서 시간으로 나누면 안 되나요?
grm2208220064323,하셨는데 대목에 체크가 되었어요.
grm2208230091649,전 첫 문장에서 문화적이라는 것이 중립적이고 역사적으로 덜 구체적인 거라고 해서 그렇게 생각했어요!
grm2208240060438,이러한 점에서 위만 조선은 단군 조선을 계승한 것으로 볼 수 있다.
grm2209090065795,이에 대해서는 어떻게 이해해야 하는 것인가요?
grm2207070024357,서로 예의를 지키면 좋겠어요.
grm2209020061782,이제 개념 한번 다 들었고요.
grm2206220027400,해당 지문을 풀 때 그 포인트를 발견해서 제대로 독해했는지 확인했습니다.
grm2207150031014,영어가 제일 문제였는데 감사합니다.
grm2209220098833,반도체가 많이 오르니 안 오른 업체들 모으는 게 좋대.
grm2208310068828,풀 수 있다면 풀이도 궁금합니다!
grm2210070107156,어쨌든 기출이 아닌 새로운 문제로 접하는 것은 같은 것 아닌가요?
grm2210120116669,앱 이름을 여기서 말해두 되는지 모르겠어요.
grm2206300010973,가르는 것도 사실 자신 있는데요.
grm2207270027359,혹시 궁금하시지만 비싸다고 생각하시면 댓글 달아주세요.
grm2208010072664,정확히 용수철과 물체가 분리되는 시점이 언제인가요?
grm2209220100305,약간 갈피를 못 잡는 느낌이에요.
grm2209070091226,해석에 따라 단어의 뜻이 달라질 수 있나요?
grm2210130105243,다음에는 더 자세히 도움 주도록 해볼게.
grm2208170059786,일본이 패망하고 베트남 민주 공화국이 수립된 거 어디서 알 수 있죠?
grm2209080078623,생각했는데 개념 강의에서 이렇게 힘들어서 이번 수능은 볼 수 있을지 걱정도 되고 힘듭니다.
grm2210210099545,그런데 수료 예정 증명서는 인터넷으로 못 뽑고 가서 작성해야 하나 봐.
grm2208110075753,제 질문이 번거로우시다면 죄송합니다.
grm2209290109195,생명에서 물리로 트신 건가요?
grm2207270026853,경제학과와 경영학과의 차이점에 대한 의문이 풀렸습니다.
grm2209190118730,예전에 써둔 목표대로 이룬 사람만큼 멋있는 분이 없는 것 같아요.
grm2207130017239,더 이상 실수하지 않도록 하겠습니다.
grm2210170113696,논술로 보게 될지도 모르는 과목 정도는 열심히 챙겨보는 게 나을까요..?
grm2210070109638,사람은 어차피 적응의 동물이니까요.
grm2206200031632,동그랑땡 먹고 공부하시면 되지요.
grm2208110091827,혹시 교재가 어떤 차이가 있나요?
grm2208160091747,아니면 의미가 같아도 다 각자 사용할 수 있는 조건이 따로 있나요?
grm2207140019268,이렇게 가다 보면 금방 수능 볼 거 같아요.
grm2208100086075,같은 아파트 내 또래 집단은 공동 사회가 아닌가요?
grm2210050116547,공부할 때에는 최대한 기본적인 것에 집중했던 것 같아요!
grm2206290018598,그까짓 거 제가 다 정복하고 오겠습니다!!
grm2207120019337,특히 황금뱃지 갖고 싶네요.
grm2210060115799,알람 다시 시도해 봐도 안되네요.
grm2208290079196,여기 부분에서 선생님께서 말씀하시는 부분이 이런 그래프인가요?
grm2207130010652,물질의 양은 다른 외부 조건에 따라 바뀔 거예요.
grm2206240039057,요즘 모의고사들 때문에 계속 일비지 하고 그런데..
grm2207150019900,그래도 동아시아사 공부하면서 진짜 잘 보고 있어요.
grm2206140057371,제한이 있다면 어떤 제한이 있었는지 질문하고 싶습니다.
grm2206230034394,그동안 후회를 안 할 수 있을 만큼 시간들을 효율적으로 보내 왔기를!
grm2208290077516,오랜만에 오니 개념이 많이 바뀌어 혼란스럽습니다.
grm2207260022331,학교를 안 나가니까 생활패턴이 엉망이 됐어요.
grm2206130074158,그리고 선생님이 너무 친절하셔서 강의를 수강하는 것이 즐겁습니다.
grm2207280028733,많이 두려우시면 군수 생각도 해 보시는 게 어떨까요?
grm2206240003549,중학교랑 다르다는 얘기는 많이 들었는데 얼마나 해야 하는 건진 감이 안 와서요.
grm2207050018556,"모두 실수 없이, 효율적 공부를 하길 바라요."
grm2209300117091,그래도 점점 느실 거예요!
grm2210180101009,개강하기도 전에 진저리가 난다.
grm2207280014330,다들 보고 잘 하면 좋은 거예요.
grm2209090058171,두 길드의 차이점 중에 알아 두어야 하는 것이 있나요?
grm2208250064226,임시 정부를 수립했었던 배경이 궁금합니다!
grm2209220105919,악성코드가 실행되기까지 딜레이가 존재한다.
grm2208220070705,혹시 제가 생각한 내용이 맞는 건가요?
grm2209160108639,영어는 실전 연습의 이유를 좀 못 느끼겠다.
grm2210180110976,무조건 사야 되는 콘텐츠가 있어서 돈 쓰게 만든다.
grm2206270000172,정시를 노리신다면 지금부터 정시 준비하시는 것도 충분히 좋습니다.
grm2208040061152,그런데 군인이 양반이라고 하셨는데 군역으로 나갔던 사람들은 그럼 군인이 아닌 뭐라고 부르나요.
grm2208110090504,자발적으로 동의하지 않으면 검사에 임하는 과정에서 동기의 차이가 발생할 수 있는 것 아닐까요?
grm2210180115951,나중에 크로플 장사나 소소하게 하고 싶은데요.
grm2210190099679,너는 공부할 때 독서대가 필요해?
grm2207110034231,국어는 매일 하루도 거르지 않고 공부했어요.
grm2210120118616,추가해서 준비하려 하는데 문제 없겠죠?
grm2208230053647,특정 부나 모의 유전자를 후세에 더 많이 전달하기 위함으로 보기는 어렵다.
grm2207280018878,많이 하시던 잘 되었으면 좋겠네요.
grm2210190119402,대충 보니까 누가 또 가면 쓰다가 걸려서 싸운 거 같기도 함.
grm2209220112748,직선 그림은 전기력 문제로 보였습니다.
grm2208160042219,비판이랑 구분 지어야 한다고 말씀하셨는데요.
grm2206150080180,아니면 여기에서도 경로가 겹치지 않는다는 전제가 있나요?
grm2208260077483,"아니면 양의 분수도 가능한 것이고, 양의 유리수나 무리수는 제외하나요?"
grm2209210114055,내가 어느 부분에 취약한지 알고 더 신경을 써야 해요!
grm2208240059312,청일전쟁 끝나고 일본 간섭이 심할 때 일어난 건가요?
grm2208190081670,역할 행동의 명확한 판단 기준이 있는 건가요?
grm2208010061545,판서에는 조금 다르게 적혀 있는 것 같아서요.
grm2206140089842,금융인 또한 되는지 궁금합니다.
grm2209080075021,왜 아닌지 잘 모르겠습니다.
grm2208170091482,"이런 제 판단엔 뭐가 잘못됐고, 어떻게 고칠 수 있을까요?"
grm2207080008873,올리자마자 댓글 달아놨는데 아직 하나도 안 읽었잖아요.
grm2209220115980,답안지가 나올 텐데 말이에요.
grm2209020084866,"골랐는데요, 이렇게 구하면 오류가 될 수 있나요?"
grm2210130102061,진짜 열심히 한 사람 떨어지고요.
grm2209300100450,엄마한테 따로 먼저 말씀드려서 아빠한테 밑밥을 좀 깔아놓는 게 좋을 거 같아.
grm2208020042398,지문 안 일 거고 밑줄 보고 필요하면 발췌해도 된다고 하셨는데요.
grm2210140114366,공부하고 있는 중입니다.
grm2206290016530,제대로 된 연구를 하려면 석사 박사는 따야 한다고 저도 들었어요!
grm2210050106555,다음 학기까지의 계획을 세워 보자.
grm2206280014300,"특히 단어를 대충 아, 이런 느낌이었던 것 같은데... 이런 식으로 해석하게 돼요."
grm2208220050007,가법 혼합으로 색이 혼합될수록 채도가 낮아진다는 정보를 초점화해서 받아들여야 한다.
grm2209270099254,그리고 나한테는 법 관련되는 일이 잘 맞는 거 같아.
grm2209160102180,나처럼 다 못해 간 사람도 없는 듯하던데요.
grm2209060042923,그럼 이런 부분도 전지적 시점이 혼재된 것으로 볼 수 있나요?
grm2207010013073,입학 취소 어쩌고 하는데 난 이미 나와 버린 걸.
grm2208090077407,혹시 답변하시지 않는 이유라도 있나요?
grm2206270024475,정확하게 가는 길을 택할 것 같습니다.
grm2209230112074,저는 현역 때 국어 기출을 제대로 보지 않은 걸 진짜 후회했었어요.
grm2207130016822,이제 슬슬 우승할 때 됐죠.
grm2208080043967,왜 가법 혼합을 하면 광량이 많아져 명도가 높아질 것이라 생각했는지가 궁금합니다.
grm2208300066765,제가 물리 에 대해서 전혀 모르는 상태에서 매번 새로운 것을 받아들이는 공부를 하고 있습니다.
grm2206170086524,그리고 답변 주시는 속도도 엄청 빨라서 놀랐어요.
grm2207120000559,그런데 머리에 피도 안 마른 게 따박따박 반말이야.
grm2206230024690,보고 있으면 잠이 깨네요.
grm2210130105494,지하철 안전 거래를 먼저 제안하네요.
grm2207270012454,도중에 영상을 내리게 되면 정산이 불가능한지 묻는 것 같아요.
grm2210110113111,개념 설명해 주시는 부분 강의를 듣고 문제는 제가 먼저 푼 후 문제풀이 강의를 들어요.
grm2208100074102,물론 교재 구입은 했습니다.
grm2208190089422,부작용에 대해 제대로 설명하지 않고 동의를 얻은 경우 자발적인 참여라고 보기 힘들다고...
grm2208020073863,고유 시간보다 짧게 측정되는 시간이 있어서요. 쉽게 설명해 주시면 감사하겠습니다.
grm2207290022044,"내 기분에 지속적인 영향을 미치게 두는 건, 절대 당연하지 않아요."
grm2207010026291,외국에서 성적 확 올리기 진짜 힘든데 진짜 대단하다.
grm2206270001489,이때 해당 부분을 빨리 찾는 건 계속 연습하는 수밖에 없죠.
grm2209090055872,표현상의 특징을 체크하고 싶다면 머리를 체크하라는 건가요?
grm2208100075711,이거 문과 문제 맞나요.
grm2210170109363,이틀 지났지만 오답 중 이것도 틀리는데 모의평가는 어떻게 볼지요.
grm2208230077569,이 방식대로 가도 괜찮을까요?
grm2209200111660,제발 대학 가야 꽃이 필 거 같다.
grm2207150018635,다들 너무 좋아해 주셔서 시험만 끝나고 파일 만들어서 배포하려고 합니다!
grm2208230060413,혹시 작년도 강의를 수강하고 있다면 그대로 수강하는 것이 좋을까요?
grm2207050037609,학점을 전혀 관리할 생각이 없는 경우가 아니라면 대부분 무난히 유급하지 않고 넘어간다고 하네요.
grm2209270109380,나중에 중간고사 끝나고 밥 한 번 사드릴게요.
grm2207150012591,유명한 이비인후과 찾아봐야겠어요.
grm2207270039560,저는 개인적으로 과학이 훨씬 어려웠어요!
grm2208230042571,적용 범위라는 표현도 괜찮을 것 같아요.
grm2208100091829,목적격 보어로 부사가 올 수 있나요?
grm2207150033928,이번에도 정성 가득한 해설 감사합니다.
grm2207250018698,막상 어렵지 않은 거랑 비슷한 느낌일 거예요.
grm2207010001627,쉬는 시간 쪼개서 공부하면 당장은 다른 친구들이랑 다를 거 없게 느껴져도 성적 나올 때 분명히 변화가 있을 거예요.
grm2206200008854,수강평에는 더 이상 의미 있는 글이 없어서 조교님께 여쭙니다.
grm2206230015915,"논술 시험이 수능보다 늦게 치러지는 경우, 가채점 결과를 가지고 논술을 안 치는 선택을 할 수는 있습니다."
grm2210170118063,근본적인 건 꽤나 겹칠 듯싶네요.
grm2209080080098,아니면 이 문제에서만 성립하는 건가요?
grm2207040009704,영어를 정말 언어적으로 공부할 거면 영어영문학과가 맞긴 한다.
grm2210180104708,일본이랑 중국 지금 다 그러고 있는 거 같던데요.
grm2209190112416,"실제로 최저 충족률도 적어서 저 말이 맞다고 생각했는데, 어쨌든 조금 완화된 거라, 전보다는 조금 더 늘어났다고 생각해요!"
grm2209140105150,요즘엔 태어나면서 영어에 노출 많이 시키잖아.
grm2208050082210,게시판 운영 수칙에 따라 선생님 수업을 수강하지 않고 하는 질문은 답변이 제한됩니다.
grm2208020041279,중향성을 바라보며 천지가 자연이 되었다고 본 것은 조물주가 천지를 만든 게 아닌 것 같다는 생각이잖아요.
grm2207180002662,몰 농도 계산하고 중화 적정 찾는 게 조금 어려움.
grm2209200110834,읽으면서 표시를 하시나요?
grm2208180082578,공기업 민영화에 대한 전반적인 이해가 부족합니다.
grm2209270117283,공부하기 싫을 때 어떻게 하셨는지 궁금해요!
grm2206140057808,하고 있다면 어떻게 볼 수 있는지 궁금해요!
grm2208110080727,"이처럼 나라마다 처해 있는 지형, 기후와 같은 환경을 이유로 가옥에 구조가 다르게 나타난다."
grm2207130011935,귀찮음 무릎 쓰기 가능이라고요...?
grm2209190112975,여러분 기지개 켜서 기흉이 생긴 건지는 저도 모릅니다.
grm2208100079589,직선과 원의 방정식 파트는 언제 강의가 올라오나요.
grm2207050016336,오늘 올리신 통계 같은 거 어디에 있나요?
grm2207040029923,선지에 나온 모든 단어를 외우라는 것은 아니다.
grm2209150118505,불필요한 내용이 들어가서 공간 낭비가 됩니다.
grm2207010019584,이런 결 보고 재능이라 하는 겁니다.
grm2210060105730,인도네시아 강진이라는데 앞으로 가기 무서울 거 같지 않아?
grm2210060102966,얼굴 보면서 같이 과제 하면 되지.
grm2207080002377,안 그래도 내신으로 하는데 수능? 나 대학 못 가게 하려고 아주 그냥.
grm2207270037587,그러니 재수하면서 정시 준비를 제대로 한 기분 같습니다.
grm2210060117466,대충 지금 어느 정도라는 판단만 받았다.
grm2209130111833,알아야 하는 개념들도 정리해 주시면 안 될까요?
grm2208190082135,이런 건 수능에서 어떻게 판단하나요?
grm2208080085819,또한 사회의 문화적 다양성에 기여할 수 있나요?
grm2207070001875,저도 그냥 차라리 하루에 몰아서 쉬고 싶어요.
grm2209080089780,비공식적 사회화 기관을 어떻게 판단해야 하나요?
grm2210140114524,시간별 알람 굉장히 많아요.
grm2206270013255,꼭 연세대 의대 가셔서 마스터 뱃지까지 달아 주세요.
grm2208050081218,하는 것을 보아 우선적으로 수행해야 할 역할을 가려냈다고...
grm2207080037804,다시 쭉 보면서 마음 다잡고 있습니다!
grm2210190113474,애초에 이런 사건 도와줄 법무팀도 많이 없고요.
grm2208110042985,기출 분석이면 개념 같은 건 설명 안 해주시는 건가요?
grm2208180092635,답변에 따로 연락 취하면 좋을 거 같다고...
grm2209130102245,어디 영상도 찍어서 온라인에서 팔아먹었을 거 같아.
grm2210110116698,이건 제 명언 아니지만 진짜 인생 선배 같네요.
grm2210060110773,학생분이 꾸준히 해오던 것에 믿음을 갖고 조금만 더 버티자고요.
grm2207270009194,약대 학부 전환 아니었음 그냥 다녔을 거 같네요.
grm2209290109004,수능 썰은 여기서 끝났습니다.
grm2209010086076,오타인가 싶어 질문합니다.
grm2207120004218,저희 예전 담임선생님이 영남대 약대 진짜 가기 힘들다 하셨어요.
grm2209130116121,저런 거 안 주고 그냥 교장 선생님 사진만 준다.
grm2209070054788,해설을 읽어 보니 장애물이 없다고 가정하셨다.
grm2209010086810,가설 검증이 곧 결과 도출과 같다고...
grm2206280035866,이거 사용하셔서 예쁜 이미지만 들어 보세요!
grm2210190116506,처리할 자료 해석 능력이 없으면 좋은 등급이 안 나오거든요.
grm2207010019319,영어를 보완하는 게 좋을 것 같아 보여요.
grm2207040027529,다만 기출을 혼자 먼저 풀고 분석했다.
grm2206170049938,다른 선지 형문제는 어려운 정답과 높은 오답률도 틀리지 않았어요.
grm2206130084224,하셨는데 강좌를 찾을 수가 없어서요!
grm2210140099176,내 친구네는 사업하는데 자기네는 안 주고 소상공인들한테만 준다고 속상해해.
grm2209080092707,강의에선 후자에 초점을 맞춰서 설명하시네요.
grm2207140030108,적성에 맞지 않는다고 느끼면 취소도 가능하고요.
grm2207150000188,주변에 다 들으니까 들어야 하나 싶기도 하고요.
grm2210110101249,여러 가지 사건들이 같이 뒤섞이면서 일어나는 거지.
grm2208030078273,밑에 첨부한 문제를 풀며 헷갈리네요.
grm2207110021711,그래서 웬만한 위급 상황이 아니라면 최대한 지급받은 사인펜을 쓰시는 게 좋습니다.
grm2208190044803,"존재자는 도구이기도 하고, 도구의 본질은 존재를 드러내는 거라니까 왠지 맞는 것 같다."
grm2209210098757,"석사 학위 논문 표지 제목, 이런 거부터라도 쓰기 시작했는데 규정이 엄청 까다로워서 서식 맞추는 것도 일이다."
grm2209220109122,지금 드시면 맛은 완전 보장 가능해요.
grm2207070021213,저희 학교 선생님도 사탐 점수 안 나오는 애들한테 추천해 준 방식인데 다들 효과 보더라고요.
grm2208190082323,혹시 안 된다면 그 이유가 무엇인지 궁금합니다.
grm2207210021585,오늘도 우리 같이 으쌰으쌰 해 봐요.
grm2207040022959,수험생들이 많은 풀이법을 접하다 보니 오히려 본질에서 멀어지고 있는 것 같습니다.
grm2207070012773,정말 넓은 범위의 공간으로 인식해야 하는 거죠?
grm2209230119727,내가 저걸 썼다면 울 엄마가 저렇게 말하지 않을까.
grm2210190118654,공부 잘 못 하는데 일단 여러 요건 때문에 독학으로 결정했습니다!
grm2207200010064,모의고사 풀 때 틀린 문제만 분석하고 오답하셨나요?
grm2206130068803,어떤 강좌를 듣고 무엇을 해야 할까요?
grm2209060050138,만약 그림과 같이 장애물이 있다고 한다면 실제 단말기의 위치는 어떻게 구하나요?
grm2208180088845,어떻게 하면 계산을 쉽게 할 수 있죠?
grm2207200028466,건강기능식품은 안 먹고 급식을 엄청 많이 먹었네요.
grm2207280012075,교류가 아예 없어서 국문과 쪽은 잘 모르겠지만요.
grm2206300037357,정답률이 높지 않다는 것은 대충 확인하고 풀었다는 거 같아요!
grm2209130112882,둘 다 불교적 귀의로 태도의 변화가 완벽하게 이루어지는 작품이다.
grm2209220101463,지방에서 졸업하고 서울 어학당으로 못 가는 건 아니지만 은근 인식 차이가 있으니까요.
grm2208010073461,"선생님께서 강의 중에 충돌 직후의 속력이 동일하면 융합된 것이라고 말씀하셨는데, 충돌 직후 두 물체의 속력이 동일할 때 따로 이동하는 경우는 아예 존재하지 않는 것인가요."
grm2210200107638,건축은 적성에 안 맞으면 힘들어하는 친구도 많긴 한 거 같아요.
grm2209090044663,제가 선생님 인강을 베이스로 국어 공부를 하는 게 아니라 책을 구매하지 않았습니다.
grm2207280039557,질문은 언제든 편하실 때 주세요.
grm2206290019148,모의고사 볼 때도 점심 먹고 커피 추천드려요!
grm2209210116771,피곤한 게 저도 제일 문제였는데 그냥 중간중간 쪽잠 자주려고 했어요!
grm2207080024725,생기부에서 작가에 따라 지장이 있을 수 있나요?
grm2208160072967,문제 오류를 혹시 따로 공지하지는 않습니까?
grm2207040001829,수학 좋아하시는 거 너무 부럽습니다!
grm2209200110293,문제에 오류가 몇 개 있네요.
grm2208290042409,제가 읽으면서 쓰는 습관이 있는데요.
grm2209290113134,그리고 올해 거 개념 강의 당연히 작년 기출 내용 부분은 더 강조해서 말씀하셔서 그럴 수도 있고요!
grm2208100057037,어떤 맥락에서 이런 표현이 나올 수 있는지 잘 모르겠어요.
grm2209140114335,확립이 아니라 개척이라니요.
grm2208020045317,여러 문제집을 풀어봤는데 국어 점수가 움직이질 않아서...
grm2209220110290,마스터님 저도 고대 가고 싶은데 혹시 등급대도 알려주실 수 있나요?
grm2206300010897,제가 쓴 고전 읽기 칼럼에서도 강조했어요.
grm2209230099874,수업 세 개만 듣기는 너무 아깝기도 하고 교양 세 개도 대면으로 하고 일도 하나 하기로 해서 가려고요.
grm2206300034023,학생분도 제가 많이 도와드리겠습니다.
grm2206170051453,아님 독서는 연계율이 낮은가요?
grm2208110074862,어떻게 이해해야 좋을까요?
grm2208030079194,"하셨는데, 이렇게 해도 괜찮나요?"
grm2210070112795,개학날까지 완전 연소하고 갑시다!
grm2208260051323,극복할 수 없는 운명을 지닌 화자를 뜻하지 않는다.
grm2208050057892,왜 대한민국은 정부 수립이고 북한은 정권이라고 하는 것인가요?
grm2208310072634,두 그림의 상황이 모순되어 문제 풀이가 불가능한 것 같습니다.
grm2210130117750,에너지 방출한다고 표현합니다.
grm2209010056109,그리고 소설은 가장 성실한 자기 진술이다.
grm2207110032390,백분위가 좀 맘에 안 들긴 하지만...
grm2206240001395,다들 수능 특강 어떤 거 구매하세요?
grm2209090053471,수강할 때 구매하는 교재와 일치하나요?
grm2206290022449,학생분들이 많이 헷갈려 하시는 것 같아서 한번 찍어 보았습니다.
grm2206220030201,목표 달성까지 분명 도움이 되겠죠.
grm2209140112607,분명 축하해 줄 일이고 그래서 겉으로는 축하해 줘요.
grm2206210025831,저는 그랬더니 도움이 많이 되었습니다.
grm2209090078327,이 문제의 원형이 있다고...
grm2209010092574,아니면 다르게 복습하는 방법 추천해 주실 수 있나요?
grm2207290012731,모의고사는 시간 같은 걸 어느 정도로 두고 푸나요?
grm2208230061125,"당시 맺은 형제 관계에서 한 이 동생인가요, 형인가요?"
grm2206240001020,그래도 너무 숫자에 연연하진 마시고 하는 대로 쭉 공부하세요.
grm2206210011136,나름 다 생각해서 그린 거랍니다.
grm2209260107420,안 들어가고 집에서 했었습니다.
grm2209230106068,철학 서적이 있으면 그 의미에 대해 해설하는 발표?
grm2206220032555,재수반이나 학원은 따로 다니셨나요?
grm2207250019124,한국사 아무것도 안 되어 있는데요.
grm2208230068931,그렇다면 파장과 진동수는 어떻게 되는 건가요?
grm2209290118539,어제까지만 해도 공부 집중 안 됐는데 오늘은 개운하다!
grm2208190075699,따로 계획된 커리큘럼은 없으신 거죠?
grm2209300116409,도선과 멀어지고 있으므로 바닥으로 꽂히는 자기 선속이 줄어들고 있으므로 원형 도선에선 자기장이 바닥으로 꽂히게 하는 유도 전류가 흐름.
grm2208090085800,아니면 이 책 그대로 새로운 강의가 안 올라오나요?
grm2206300017157,연대는 포함 안 된다는 거 누구보다 잘 알 텐데요.
grm2208100082699,보는 것은 아니지 않나요.
grm2208160090977,강의를 두 번째 듣고 있는 학생입니다.
grm2209150105358,"사형 제도는 진행되어야 합니까, 폐지되어야 합니까?"
grm2209290117016,지식이 빠삭한 마스터님 환영합니다!
grm2208110061499,둘 중에 어느 것이 맞는 건가요?
grm2209140106981,약대와 의대의 차이로 보시면 더 쉽게 다가오실 것 같습니다.
grm2210060111337,그렇지만 다른 사탐 과목에 비해 난이도가 엄청나게 쉽기 때문에 꼭 멘탈 잡고 만점 받으셨으면 좋겠습니다.
grm2206290014443,너무 일찍 깨어나서 그런지 학원에서 공부하다가 가끔 조는 게 문제 되네요.
grm2206130041106,자기 자신이 예술의 형식이 감성이라고 정의 내렸잖아요.
grm2207040029686,그래도 최저 맞추셔서 다행이네요.
grm2209080079889,갑자기 코사인이 등장한 이유를 잘 모르겠어요.
grm2209160114265,"저 사람이 다시 또 그럴 수도 있고, 이게 진짜 반성이 아닐 수도 있지만 그렇다고 해서 그렇게 욕하지는 말아 주세요."
grm2209300118950,은근 동기부여 되고 막막함을 많이 덜어주더라고요!
grm2209060066345,힘이 오른쪽으로 작용하는데 물체가 왼쪽으로 이동할 수 있나요?
grm2208300070336,오류나 놓친 점이 있다면 어떤 건지 알고 싶습니다.
grm2206230028984,이런 유형들의 문제들을 보면 어디서부터 시작해야 하나 항상 횡설수설했어요.
grm2207120027823,제가 음악을 엄청 좋아해서 대학교에서 꼭 밴드부를 했으면 한다.
grm2207120017344,통합 검색에 노래 치면 나올 거예요.
grm2210070100019,친구 전화번호가 나랑 비슷해서 잘못 문자 보낸 거래.
grm2209220117650,남들 다 하는 건 빨리 털고 가는 게 좋아요!
grm2206160058823,농민과 소상인을 보호하는 정책이 어떤 것을 말하는 것인가요?
grm2208120044525,정보의 손실이 발생한다고 언급하지 않았다.
grm2206170064237,과거제가 없던 시대에 관리들이 어떻게 등용되었는지 궁금합니다!
grm2207110030169,지금껏 수시 내신 챙겨놓은 성적으로는 못 간다.
grm2207140003792,댓글 달린 걸 이제 봤네요.
grm2209210115950,나중에 요런 칼럼도 해 주시면 어떨까 조심스레 추천해 봅니다.
grm2209090078175,혹시 이런 태도는 나쁜가요?
grm2209150107436,이래서 주변 환경이 중요한 거임.
grm2208190065040,두 체제의 취지가 비슷한 것 같은데 너무 헷갈려요.
grm2209280113130,그런데 문제를 풀다 보면 많이 나오는 거에 익숙해지기 시작해서 틀리는 걸 수도 있고요!
grm2210060112395,미련은 자꾸 뒤돌아보게 돼요.
grm2208170073258,그럼 나뭇가지도 정지하고 있으니 가 표시하지 않은 위로 떠받치는 힘이 존재하나요.
grm2208300077798,굳이 이를 이용하지 않은 이유가 있으신가요?
grm2208300062681,이전했다면 연도도 궁금합니다.
grm2206140079850,하였는데 이 내용과 관련된 강의는 어디서 볼 수 있나요?
grm2208310085080,강의를 듣던 도중 질문이 생겨 이렇게 올리게 되었습니다.
grm2207080033691,이거 진짜 구체적이라 도움 많이 되네요. 감사합니다!
grm2208260056927,했는데 제 필기가 맞는지 확인하고 싶습니다!
grm2209200110717,"태도도 체념, 순응이라고 하셨는데요."
grm2209010053688,제가 시 부분이 약해서 얼른 듣고 싶습니다.
grm2208030081709,전통적 매체가 만드는 대중의 정치적 무관심의 예로는 뭐가 있을까요.
grm2207280017429,무슨 문제를 말씀하시는 건지 알려주실 수 있나요?
grm2208030087390,그리고 학생들이 만드는 자율 동아리는 비공식 조직이죠?
grm2207070024258,혹시 고등학생은 내신 대비를 보통 얼마나 해야 하나요?
grm2206150068999,그리고 보통 진동수와 주기는 불변이니까 파장이나 속력보단 진동수와 주기로 푸는 풀이가 더 낫나요?
grm2208250054201,전체적인 흐름 위주로 보려고 노력하며 읽는데 문제에서 세부적인 걸 물어볼 때가 있잖아요.
grm2209230117307,님 풀이 과정 보고 제가 예상한 것 말해도 괜찮을까요?
grm2208010087323,사회 조직과 사회 집단은 같은 말인가요?
grm2208260077147,하셨는데 이 부분이 이해가 가지 않습니다.
grm2209080078022,터라 제 실력대로 잘 나온 점수 같습니다.
grm2206220027172,지구는 친구 말대로 많이 지엽적이에요.
grm2206170065134,그리고 모든 곡선 운동의 운동 방향은 그 순간의 접선의 방향이라고 보면 되나요?
grm2209080059408,부여는 도시가 아니라 나라인데 강의에서는 왜 도시라고 했나요?
grm2209290115264,오늘 강사님들 정모가 있었습니다.
grm2209280109691,듣고 풀 때는 큰 어려움이 없었습니다!
grm2206300000015,문제 첫 줄만 읽어도 풀이 과정과 답이 기억날 정도로 반복했습니다.
grm2208260064142,"당나라 중기 이후의 금지 정책은 면세, 면역 특권을 금지했다는 건가요?"
grm2209230108839,통화량은 통화 거래가 활발한 정도예요?
grm2210110099985,"방금 자리 뺏김, 접수 지역이 없어."
grm2206150067076,변위는 비교할 수 없는 값이라 크기를 물어야 하는 것이 맞나요?
grm2208300064337,십자군 전쟁은 교황의 권위가 땅에 떨어지는 계기가 된 것 아니었나요?
grm2207120017370,수시로 의대를 쓸 생각이에요.
grm2207190025323,학교들이 미적만 내는 경우가 많은가요?
grm2208170067723,생각했는데 제 생각에 문제가 있나요?
grm2209130108972,확실히 성적은 오를 거예요.
grm2207290009524,그런데 이후에 자리잡았다는 얘기만 있어서요!
grm2208110044902,다만 그들을 빙자하는 놈들이 도덕이 아니겠소?
grm2208190077130,일일이 다 질문을 올려야 하나요?
grm2208050074790,방향을 잡을 수 있도록 도와주세요.
grm2207060003614,졸릴 때 기를 쓰고 악을 쓰면 무의식적으로 자게 되는 능력을 얻었어요.
grm2209200117780,이번 수능 수학 만점 가능하실 거예요!
grm2208160081071,하셨던 거 같은데 성립되려면 조건이 뭐가 있을까요?
grm2209220104978,그냥 검사하고 음성만 뜨면 됐다.
grm2208310042761,성품에 초점을 맞추는 덕의 윤리의 관점에서 보면 아직도 도덕적 평가가 운에 따라 달라진다고 할 수 있지 않나요?
grm2207260014978,오늘은 일찍 일어나야지 하면서도 침대에서 일어나는 게 너무 힘들어요.
grm2207040017292,개념 강의에서 우박하면서 과냉각 물방울이 뭔지 알려줬기 때문에 기억하고 풀 수 있었어요!
grm2208220073160,문제를 많이 풀어서 스스로 구분하는 힘을 길러야 하나요?
grm2207010021547,단 한 번도 분량 조절에 성공한 적이 없어요.
grm2206240036503,엄청난 차이는 없을 거예요.
grm2208120080929,사진 속에 질문이 있습니다!
grm2210040099911,쇠판에 아크릴판을 실리콘으로 연결 작업 가함.
grm2207130031514,꼭 정중앙에 똑바로 두고 풀어야 하나요?
grm2207260027537,아예 최저도 못 맞출 가능성이 너무 크다.
grm2207200029235,최대 다른 문제를 빨리 접하라는 식으로 공부했습니다.
grm2207190034334,벌써 고등학교 시절을 그리워하게 될 줄이야.
grm2209130107768,제 생각엔 처음부터 끝까지 보면서 빠뜨린 부분 없나 체크하는 것도 좋을듯해요.
grm2207070010118,지방에서 대학 가신 거면 서울 생활 얘기 해 주세요!
grm2207190002119,최고가 아니어도 매일매일 본인을 덮어주면 언젠간 나도 다른 사람도 덮어 줄 수 있지 않을까.
grm2206170065909,언제 올라오는 것으로 예정되어 있나요?
grm2208180068263,"했는데, 전도 띠는 전자에 의해서 점유되지 않은 공간이니까 둘 다 전자가 없는 것 아닌가요?"
grm2207120035261,예전 영상 돌려보며 기다렸네요.
grm2207140015489,그런데 왜 듣다 보니 중간에 기억이 없죠?
grm2210200112854,깊게 그 분야 쪽으로 갈 거 아니면 어차피 계산 과정 복잡해지는 그런 연산 안 하고 간단하게 때우거든요.
grm2210130114802,님처럼 자는 환경을 살짝 바꿔 보시는 것도 괜찮을 듯하네요.
grm2209080061972,선생님께서 장원 안에는 농노가 살고 있다고...
grm2206220022533,내가 유리한 위치에 있는 학교가 잘립니다.
ext0000000120710,화폐 단위를 바꿔 새 돈을 발행하면 지하로 숨었던 돈이 나올 수밖에 없고 세수도 확충된다.
grm2206210000504,관심이 필요하심 공부해서 인서울 해 가지고 마스터 돼서 해도 되는 거잖아.
grm2209020045265,어디까지가 어간이고 뭐가 어미인가요?
grm2208030053450,속미인곡 강의 듣다가 궁금한 점이 있어서 질문드립니다.
grm2206210036350,지문에 개념 정의 된 거 잘 정리하면서 풀어야겠어요!
grm2209130113638,그러니 님도 욕은 하지 마세요.
grm2206140043622,그 지문들의 파일이 제공되나요?
grm2209300114457,딱 보면 어려워 보이긴 하네요.
grm2206140090772,현대 얘기가 너무 고대랑 상반되는 거 아닌가요?
grm2208170050418,진짜 소량이라도 괜찮으니까 꼭 부탁드려요.
grm2209210119341,"그냥 아, 길 가다 돌 맞았구나 하고 넘어가세요."
grm2210190113175,마스터님도 올리시셨었습니다!
grm2207210019036,열심히 하는 사람은 어떻게든 된다는 걸 느끼고 갑니다..!
grm2208030088322,그렇다면 사생활 관련 정보의 정의는 무엇인가요?
grm2207080029312,저도 옮기려고 했는데 모집 조건이 바뀌면서 최저 등급에 걸려서 못 갔어요.
grm2208030064372,제가 어디서 잘못 이해해서 계산하고 있는 건가요?
